k,kmeans_silhouette,kmedoids_silhouette,kmeans_selected_by_silhouette,kmedoids_selected_by_silhouette
2,0.9318222879828963,0.9318222879828963,False,False
3,0.9411486473970896,0.9411486473970896,True,True
4,0.8849523567531885,0.7847488949731185,False,False
5,0.8802694833704363,0.7797053272822639,False,False
6,0.8039519036023091,0.7688021410918745,False,False
7,0.7993493513121327,0.7679823284055638,False,False
8,0.8056779172376216,0.78298636770359,False,False
9,0.8151524434647868,0.7935957438930831,False,False
10,0.8274120856143066,0.8274120856143066,False,False
