Scenario,Gen,Signal,Method,Frequency,Damping,Amplitude,Phase
load03,g1,Voltage,Order 2,0.023675385105962662,-0.16027722429802643,0.00018435380864980256,0.908777896678065
load03,g1,Voltage,Order 4,0.05532230337385832,-0.29054578876643467,0.00012014673399543923,-0.3835006573702997
load03,g1,Voltage,Order 4,0.017061804913825192,-0.041181441551339106,2.808740337389352e-05,1.8405699332966106
load03,g1,Voltage,Order 6,0.6401489724254299,-0.3286253975981866,2.1140315762134577e-05,1.7920142934977557
load03,g1,Voltage,Order 6,0.032174190522440714,-0.2773985044502287,0.00016856681984598094,-0.062144526866301855
load03,g1,Voltage,Order 6,0.00682972588286856,-0.04561405680558415,5.2813738191066926e-05,-2.7127219484994516
load03,g1,Voltage,Tau 1,0.021787077329397973,-0.16523981008541308,0.00020667822980557611,0.9786136123001228
load03,g1,Voltage,Tau 0.1,0.6401489724254299,-0.3286253975981866,2.1140315762134577e-05,1.7920142934977557
load03,g1,Voltage,Tau 0.1,0.032174190522440714,-0.2773985044502287,0.00016856681984598094,-0.062144526866301855
load03,g1,Voltage,Tau 0.1,0.00682972588286856,-0.04561405680558415,5.2813738191066926e-05,-2.7127219484994516
load03,g1,Voltage,Tau 0.01,0.6401489724254299,-0.3286253975981866,2.1140315762134577e-05,1.7920142934977557
load03,g1,Voltage,Tau 0.01,0.032174190522440714,-0.2773985044502287,0.00016856681984598094,-0.062144526866301855
load03,g1,Voltage,Tau 0.01,0.00682972588286856,-0.04561405680558415,5.2813738191066926e-05,-2.7127219484994516
load03,g1,Current,Order 2,0.019669335120055018,-0.08120874997001475,0.00023948931705174213,0.7269288863206943
load03,g1,Current,Order 4,0.29040680220995757,-0.20667996879550546,5.166702942186086e-05,-2.460969363600894
load03,g1,Current,Order 4,0.02009376841768944,-0.07067697237595959,0.0002096127343184905,0.6844241617237793
load03,g1,Current,Order 6,0.6387129255241518,-0.3429834544544035,0.0001725661652898861,2.0365560167970234
load03,g1,Current,Order 6,0.00921944340009396,-0.39314928511846403,0.0014983004886574415,-1.3690707960381365
load03,g1,Current,Order 6,0.004382946880477355,0.001708218372784126,0.00010307836012271763,-2.5108510090515828
load03,g1,Current,Tau 1,0.019669335120055018,-0.08120874997001475,0.00023948931705174213,0.7269288863206943
load03,g1,Current,Tau 0.1,0.6387129255241518,-0.3429834544544035,0.0001725661652898861,2.0365560167970234
load03,g1,Current,Tau 0.1,0.00921944340009396,-0.39314928511846403,0.0014983004886574415,-1.3690707960381365
load03,g1,Current,Tau 0.1,0.004382946880477355,0.001708218372784126,0.00010307836012271763,-2.5108510090515828
load03,g1,Current,Tau 0.01,0.6387129255241518,-0.3429834544544035,0.0001725661652898861,2.0365560167970234
load03,g1,Current,Tau 0.01,0.00921944340009396,-0.39314928511846403,0.0014983004886574415,-1.3690707960381365
load03,g1,Current,Tau 0.01,0.004382946880477355,0.001708218372784126,0.00010307836012271763,-2.5108510090515828
load03,g1,Active Power,Order 2,0.019694846040504813,-0.08303917717149563,2.60961923680228,0.7344473479799905
load03,g1,Active Power,Order 4,0.28624670000140034,-0.20563621846566987,0.5461388274484579,-2.4437489604048794
load03,g1,Active Power,Order 4,0.02014001096387967,-0.07209031449137303,2.2745957829090964,0.6906324725520041
load03,g1,Active Power,Order 6,0.638775730944737,-0.34245122615239276,1.83415354916529,2.0314932980261133
load03,g1,Active Power,Order 6,0.01324922499745801,-0.38661723437780615,11.082187869301507,-1.27406997379468
load03,g1,Active Power,Order 6,0.004152191104923648,0.0012884391963493248,1.1564242196379846,-2.459134350068183
load03,g1,Active Power,Tau 1,0.019694846040504813,-0.08303917717149563,2.60961923680228,0.7344473479799905
load03,g1,Active Power,Tau 0.1,0.638775730944737,-0.34245122615239276,1.83415354916529,2.0314932980261133
load03,g1,Active Power,Tau 0.1,0.01324922499745801,-0.38661723437780615,11.082187869301507,-1.27406997379468
load03,g1,Active Power,Tau 0.1,0.004152191104923648,0.0012884391963493248,1.1564242196379846,-2.459134350068183
load03,g1,Active Power,Tau 0.01,0.638775730944737,-0.34245122615239276,1.83415354916529,2.0314932980261133
load03,g1,Active Power,Tau 0.01,0.01324922499745801,-0.38661723437780615,11.082187869301507,-1.27406997379468
load03,g1,Active Power,Tau 0.01,0.004152191104923648,0.0012884391963493248,1.1564242196379846,-2.459134350068183
load03,g1,Reactive Power,Order 2,0.05205527427216087,-0.13959346393109126,0.2532714804327769,0.781715464946171
load03,g1,Reactive Power,Order 4,0.6096062077597582,-0.4547860169788098,0.45972809412364496,-1.0344649825738097
load03,g1,Reactive Power,Order 4,0.030012002513176764,-0.026450027235141484,0.05756033552618492,1.5657299586048161
load03,g1,Reactive Power,Order 6,0.6415237585543929,-0.3209988825473429,0.34339951797900303,-1.226861877604353
load03,g1,Reactive Power,Order 6,0.050368272079173944,-0.2807346841848411,0.344475717094371,0.8852570768385436
load03,g1,Reactive Power,Order 6,0.019757695403802393,0.006268378552424259,0.02192215295730065,-3.1296403993393196
load03,g1,Reactive Power,Tau 1,0.6415237585543929,-0.3209988825473429,0.34339951797900303,-1.226861877604353
load03,g1,Reactive Power,Tau 1,0.050368272079173944,-0.2807346841848411,0.344475717094371,0.8852570768385436
load03,g1,Reactive Power,Tau 1,0.019757695403802393,0.006268378552424259,0.02192215295730065,-3.1296403993393196
load03,g1,Reactive Power,Tau 0.1,0.6412057221557522,-0.32954316732401273,0.3537978127399569,-1.218739097383227
load03,g1,Reactive Power,Tau 0.1,0.031952418604835324,-0.22042129586233233,0.37772403127168236,1.2268626539583876
load03,g1,Reactive Power,Tau 0.1,0.1366122570046457,-0.20699465584231147,0.05264810384087797,-0.3176905539406322
load03,g1,Reactive Power,Tau 0.1,0.013858749167750999,0.018447431962830673,0.016075220953893413,-1.7486641825189986
load03,g1,Reactive Power,Tau 0.01,0.6388119267243554,-0.329783647153868,0.35184323611503093,-1.1683379892809502
load03,g1,Reactive Power,Tau 0.01,0.9758709850242455,-0.4634261693910838,0.028584680260865077,2.003937907704573
load03,g1,Reactive Power,Tau 0.01,0.027133418081849183,-0.24336110890497112,0.529610974918604,1.2860355090368671
load03,g1,Reactive Power,Tau 0.01,0.13671600563568448,-0.1754048319687886,0.04017714318714857,-0.2740529831676463
load03,g1,Reactive Power,Tau 0.01,0.012613228876018403,0.016852249476464357,0.01844731724272955,-1.443054181413192
load03,g2,Voltage,Order 4,0.6376827214800701,-0.3207476039104692,6.952242252087056e-05,1.839622224395708
load03,g2,Voltage,Order 6,0.6380580512565672,-0.3430308063643188,7.485760708959407e-05,1.8586108363692697
load03,g2,Voltage,Order 6,0.10785990160206507,-0.48372925640951364,5.806771086955277e-05,2.2121960241405985
load03,g2,Voltage,Order 6,0.007784834525070603,0.012167874879359549,4.693942562413215e-06,-0.11749847676839284
load03,g2,Voltage,Tau 1,0.6380580512565672,-0.3430308063643188,7.485760708959407e-05,1.8586108363692697
load03,g2,Voltage,Tau 1,0.10785990160206507,-0.48372925640951364,5.806771086955277e-05,2.2121960241405985
load03,g2,Voltage,Tau 1,0.007784834525070603,0.012167874879359549,4.693942562413215e-06,-0.11749847676839284
load03,g2,Voltage,Tau 0.1,0.6380580512565672,-0.3430308063643188,7.485760708959407e-05,1.8586108363692697
load03,g2,Voltage,Tau 0.1,0.10785990160206507,-0.48372925640951364,5.806771086955277e-05,2.2121960241405985
load03,g2,Voltage,Tau 0.1,0.007784834525070603,0.012167874879359549,4.693942562413215e-06,-0.11749847676839284
load03,g2,Voltage,Tau 0.01,0.6389879596538203,-0.3290371410980755,7.158331879995286e-05,1.8332645650773487
load03,g2,Voltage,Tau 0.01,1.004222262152759,-0.49361396425888826,7.917653430244163e-06,0.5267674686328112
load03,g2,Voltage,Tau 0.01,1.098015449814308,-0.2967467691596261,3.87298063219502e-06,2.5498539070651116
load03,g2,Voltage,Tau 0.01,0.09669180113269495,-0.2805958726689147,3.5610431410924345e-05,2.163358530732978
load03,g2,Voltage,Tau 0.01,0.13566111183729485,-0.1697553614723964,1.1424403318308375e-05,-2.9204314262657056
load03,g2,Current,Order 2,0.02076471734936317,-0.09432591898284609,0.00044398038283348026,-2.3886067399914195
load03,g2,Current,Order 4,0.2310093411253325,-0.3076699229461514,0.00015435104532313863,1.0015968835237008
load03,g2,Current,Order 4,0.021275990958841983,-0.07278248815524438,0.0003387918489129012,-2.448143500563422
load03,g2,Current,Order 6,0.6329963417627485,-0.4171755240637724,0.0002949328808789023,-0.8461235844160259
load03,g2,Current,Order 6,0.031064659248295226,-0.25909626036878464,0.0005451234806896036,2.6898858488565387
load03,g2,Current,Order 6,0.007761944504346447,-0.006249411288712891,0.00010528140992572592,-0.027429867664133127
load03,g2,Current,Tau 1,0.02076471734936317,-0.09432591898284609,0.00044398038283348026,-2.3886067399914195
load03,g2,Current,Tau 0.1,0.6379371892237299,-0.33753024104225304,0.00024026467960121592,-1.0055878519432344
load03,g2,Current,Tau 0.1,0.9742095962061722,-0.4296744608694478,0.00010386521063082648,-1.4378493364355847
load03,g2,Current,Tau 0.1,0.004332376575650352,-0.01190135611804381,0.00022601405679729906,0.685433562844131
load03,g2,Current,Tau 0.01,0.6379444597425133,-0.3320418678511304,0.00023569710067448607,-1.008969451081617
load03,g2,Current,Tau 0.01,0.9845789561314754,-0.43212277591529297,0.00011447767927216076,-1.618096423565744
load03,g2,Current,Tau 0.01,1.0992013632589528,-0.20422503984152438,1.4784373985307157e-05,-0.17713014168564942
load03,g2,Current,Tau 0.01,0.004272164580026166,-0.01199319592651577,0.000229885793375803,0.6978440027374434
load03,g2,Active Power,Order 2,0.020251035495596335,-0.0939337007335923,0.261025859943323,-2.3745784407428077
load03,g2,Active Power,Order 4,0.17704369803197234,-0.37546981357067166,0.14622434012074997,1.40797529250975
load03,g2,Active Power,Order 4,0.0209641069342023,-0.0533559658712662,0.14425907884895334,-2.462690527457109
load03,g2,Active Power,Order 6,0.6384247392054433,-0.4729227350004956,0.16571935207821473,-0.7860717234164477
load03,g2,Active Power,Order 6,0.02815618557098499,-0.2274526268316805,0.27781988586392997,2.993422521972507
load03,g2,Active Power,Order 6,0.009359759577251013,-0.0038830754147077813,0.04936404234893872,-0.3693671242602703
load03,g2,Active Power,Tau 1,0.020251035495596335,-0.0939337007335923,0.261025859943323,-2.3745784407428077
load03,g2,Active Power,Tau 0.1,0.6364100075019674,-0.49172837354335613,0.1733119724134895,-0.7822526591738115
load03,g2,Active Power,Tau 0.1,0.007207753102502595,-0.12819476699903745,0.9433449628483102,-1.8245532703924265
load03,g2,Active Power,Tau 0.01,0.9826185407063038,-0.4391501834605837,0.08356013075736322,-1.5781237186118953
load03,g2,Active Power,Tau 0.01,0.6376748774770529,-0.3360673635686646,0.11828385550392573,-0.9453508533929817
load03,g2,Active Power,Tau 0.01,1.0963630032128762,-0.18529700327403306,0.008280555056694998,-0.016086036224716122
load03,g2,Active Power,Tau 0.01,0.0029435160497217235,-0.012507098087252288,0.2042769814251242,0.9667367392773135
load03,g2,Reactive Power,Order 2,0.018346375081382177,-0.13168603974345855,0.3724176381510698,-2.190748321788997
load03,g2,Reactive Power,Order 4,0.042844950323220166,-0.6266760033828255,0.9000694576452335,1.799214613986831
load03,g2,Reactive Power,Order 4,0.008583460681374961,-0.006523567148441081,0.0500003740878666,-0.1923598403812472
load03,g2,Reactive Power,Order 6,0.03780421848364641,-0.5433414945945054,0.741428900856059,1.9148046920957116
load03,g2,Reactive Power,Order 6,0.6354066490652003,-0.3007288264147119,0.03632802069612703,-0.6310616545338996
load03,g2,Reactive Power,Order 6,0.006646379536744382,-0.006826359079127806,0.06200246750135719,0.20791416401587348
load03,g2,Reactive Power,Tau 1,0.042844950323220166,-0.6266760033828255,0.9000694576452335,1.799214613986831
load03,g2,Reactive Power,Tau 1,0.008583460681374961,-0.006523567148441081,0.0500003740878666,-0.1923598403812472
load03,g2,Reactive Power,Tau 0.1,0.03780421848364641,-0.5433414945945054,0.741428900856059,1.9148046920957116
load03,g2,Reactive Power,Tau 0.1,0.6354066490652003,-0.3007288264147119,0.03632802069612703,-0.6310616545338996
load03,g2,Reactive Power,Tau 0.1,0.006646379536744382,-0.006826359079127806,0.06200246750135719,0.20791416401587348
load03,g2,Reactive Power,Tau 0.01,0.6371871869210797,-0.2913022800342938,0.034936293949259456,-0.6500172729161193
load03,g2,Reactive Power,Tau 0.01,0.08607901860622101,-0.12201997152311914,0.011459671071403377,-2.772828123401367
load03,g3,Voltage,Order 2,0.6355159193221072,-0.3377080544865304,7.442912041628567e-05,1.8547395862555707
load03,g3,Voltage,Order 4,0.6387195371623828,-0.3305698050341536,7.27443441098234e-05,1.823869226899514
load03,g3,Voltage,Order 4,0.080408169985187,-0.11047924192940177,8.107130322698251e-06,-2.01455332839015
load03,g3,Voltage,Order 6,0.6392593672999352,-0.3239256425604805,7.116034928385705e-05,1.8198675919275786
load03,g3,Voltage,Order 6,0.08837793817985405,-0.15862836087731522,1.12172197739163e-05,-2.1374720209486813
load03,g3,Voltage,Order 6,0.02223058019531853,0.031230059498124466,3.9199103423631674e-07,2.4102671292790463
load03,g3,Voltage,Tau 1,0.6355159193221072,-0.3377080544865304,7.442912041628567e-05,1.8547395862555707
load03,g3,Voltage,Tau 0.1,0.6387195371623828,-0.3305698050341536,7.27443441098234e-05,1.823869226899514
load03,g3,Voltage,Tau 0.1,0.080408169985187,-0.11047924192940177,8.107130322698251e-06,-2.01455332839015
load03,g3,Voltage,Tau 0.01,0.6389503395764226,-0.3316372509623858,7.302692300979391e-05,1.8225426637393127
load03,g3,Voltage,Tau 0.01,0.9962422546108431,-0.20137619542439636,2.366553904168146e-06,0.8850538668369669
load03,g3,Voltage,Tau 0.01,0.15054934759717883,-0.19574996923883156,8.50778043166776e-06,2.357954630179891
load03,g3,Voltage,Tau 0.01,0.05272358882646215,-0.1644481533905322,8.749201127250646e-06,-0.9089928542029362
load03,g3,Voltage,Tau 0.01,0.0196042091541047,0.035927616800576864,3.7179051300261773e-07,3.030662686264434
load03,g3,Current,Order 2,0.021333216765662275,-0.0852101631182371,0.0003434900786653943,-2.4458757093623538
load03,g3,Current,Order 4,0.513750579153254,-0.30686972415470154,0.00020511085400867085,0.0053274572691601255
load03,g3,Current,Order 4,0.020041834502571604,-0.09719292619520901,0.0004008125354782015,-2.3630249798260214
load03,g3,Current,Order 6,0.6331591361000256,-0.3927078150684763,0.00031265738859375677,-0.8791987267061566
load03,g3,Current,Order 6,0.030602866948309146,-0.2530256165531039,0.00048192011800337855,2.620711155148892
load03,g3,Current,Order 6,0.007624925126378087,-0.006867245053551908,9.632064308571718e-05,0.0011396958441029976
load03,g3,Current,Tau 1,0.6322473492711487,-0.4104461065694127,0.00032837507053937675,-0.8811474830152031
load03,g3,Current,Tau 1,0.013272345822396133,-0.12015753692468327,0.000734297156255076,-2.0611588723434893
load03,g3,Current,Tau 0.1,0.6378897934799764,-0.33739052149087334,0.0002707681328556946,-1.0178078974850466
load03,g3,Current,Tau 0.1,0.9735064719505624,-0.43759032798392133,9.325676838543026e-05,-1.424243369630729
load03,g3,Current,Tau 0.1,0.01795488528465059,-0.3628913117721517,0.0011552117081377578,2.0002153589412064
load03,g3,Current,Tau 0.1,0.004650201918023541,-0.012334265628500624,0.00018905210190182237,0.6203660485194885
load03,g3,Current,Tau 0.01,0.637894778754457,-0.3333284235571844,0.00026692335691738293,-1.0203186722608195
load03,g3,Current,Tau 0.01,0.9837446661629357,-0.43544623104514374,0.00010139800371673079,-1.6078940452015738
load03,g3,Current,Tau 0.01,0.018033678758200618,-0.3617874680952164,0.0011407832657258667,2.0068988309688454
load03,g3,Current,Tau 0.01,1.1042978223145992,-0.2194401797344753,1.3524272896054634e-05,-0.2551266627145617
load03,g3,Current,Tau 0.01,0.004677239603530294,-0.01233243523069547,0.00018799907477105672,0.6148447635809615
load03,g3,Active Power,Order 2,0.02043492519996965,-0.09273112635115287,0.28548386976974555,-2.3850927909595105
load03,g3,Active Power,Order 4,0.24532356523489723,-0.3244296704443719,0.10536851910703356,1.0045721163241466
load03,g3,Active Power,Order 4,0.02104126384305136,-0.07158046448598,0.21732038257898295,-2.448599312114706
load03,g3,Active Power,Order 6,0.6343398741394126,-0.4311853274733739,0.1963631001386679,-0.7910332302843992
load03,g3,Active Power,Order 6,0.030628303181384344,-0.2451431660928134,0.3167811252780692,2.840807087528073
load03,g3,Active Power,Order 6,0.009626408763160886,-0.004332561534174823,0.05528735035780009,-0.426807990342044
load03,g3,Active Power,Tau 1,0.6329125123728805,-0.4503685226650885,0.20613318316981202,-0.7911355099331697
load03,g3,Active Power,Tau 1,0.00790360272943616,-0.12779999033727718,0.9590128546356008,-1.8500972138510179
load03,g3,Active Power,Tau 0.1,0.6329125123728805,-0.4503685226650885,0.20613318316981202,-0.7911355099331697
load03,g3,Active Power,Tau 0.1,0.00790360272943616,-0.12779999033727718,0.9590128546356008,-1.8500972138510179
load03,g3,Active Power,Tau 0.01,0.6376865128001036,-0.3364377848494967,0.1537733763135152,-0.9531167969992209
load03,g3,Active Power,Tau 0.01,0.9819351911998945,-0.44330521868932304,0.08342091152514661,-1.5586719186094933
load03,g3,Active Power,Tau 0.01,1.1016495229388021,-0.19805685206280563,0.00815858766537236,-0.06148299293592934
load03,g3,Active Power,Tau 0.01,0.002887722507015264,-0.012968736476306674,0.2349318519489517,0.9788537261645687
load03,g3,Reactive Power,Order 2,0.021393769008630555,-0.07282810548884777,0.07626594413293183,-2.513999892656393
load03,g3,Reactive Power,Order 4,0.25481133979864323,-0.2951963805091627,0.030718177071613135,0.561264178341755
load03,g3,Reactive Power,Order 4,0.021358187395138794,-0.06347984127827412,0.06829442057575719,-2.5305189297356394
load03,g3,Reactive Power,Order 6,0.6383362130532046,-0.31947771450463613,0.05268275940689705,-0.735590513055979
load03,g3,Reactive Power,Order 6,0.0076535352268639915,-0.12863494849049883,0.3732739512252884,-1.8697957133365217
load03,g3,Reactive Power,Tau 1,0.6383362130532046,-0.31947771450463613,0.05268275940689705,-0.735590513055979
load03,g3,Reactive Power,Tau 1,0.0076535352268639915,-0.12863494849049883,0.3732739512252884,-1.8697957133365217
load03,g3,Reactive Power,Tau 0.1,0.6383362130532046,-0.31947771450463613,0.05268275940689705,-0.735590513055979
load03,g3,Reactive Power,Tau 0.1,0.0076535352268639915,-0.12863494849049883,0.3732739512252884,-1.8697957133365217
load03,g3,Reactive Power,Tau 0.01,0.6412691551304279,-0.29551384551113535,0.048759665142683185,-0.7831582311022537
load03,g3,Reactive Power,Tau 0.01,0.016638959153701467,-0.12331499737081651,0.1458225266022213,-2.2692160594922735
load03,g3,Reactive Power,Tau 0.01,0.013004118478943984,0.04410127085773003,0.0015529701836475666,-0.9628402872312352
load03,g4,Voltage,Order 4,0.6209122521948159,-0.39333401472720486,8.235355429612006e-05,1.8334393787238794
load03,g4,Voltage,Order 4,0.012248826234431359,-0.14516244068703613,0.00014402890842856448,-1.9522960852545408
load03,g4,Voltage,Order 6,0.6418617858391596,-0.3310514704521466,7.069364456444343e-05,1.6466099565558288
load03,g4,Voltage,Order 6,0.010668379777227916,-0.0423091827097081,2.3439308590468985e-05,-1.3762303626192975
load03,g4,Voltage,Tau 1,0.6412168210625632,-0.3352588391428247,7.165530850926272e-05,1.6558369249406852
load03,g4,Voltage,Tau 1,0.007886525029057774,0.003506174485845535,1.1202493970942305e-05,-0.10752907367230778
load03,g4,Voltage,Tau 0.1,0.6412168210625632,-0.3352588391428247,7.165530850926272e-05,1.6558369249406852
load03,g4,Voltage,Tau 0.1,0.007886525029057774,0.003506174485845535,1.1202493970942305e-05,-0.10752907367230778
load03,g4,Voltage,Tau 0.01,0.6412168210625632,-0.3352588391428247,7.165530850926272e-05,1.6558369249406852
load03,g4,Voltage,Tau 0.01,0.007886525029057774,0.003506174485845535,1.1202493970942305e-05,-0.10752907367230778
load03,g4,Current,Order 2,0.02121338148688672,-0.08314528247389004,0.0003608301263433343,-2.453171128389105
load03,g4,Current,Order 4,0.45718175556705876,-0.3023871081253337,0.0001874665502430093,0.16997227862780478
load03,g4,Current,Order 4,0.020300744731338225,-0.09076053922657625,0.00039744865135915976,-2.392930417678111
load03,g4,Current,Order 6,0.629457781056399,-0.3625398810749707,0.0003015049050637927,-0.834860095179319
load03,g4,Current,Order 6,0.00687089662910191,-0.007880531467686231,0.00012622498874678793,0.1457361761883135
load03,g4,Current,Tau 1,0.6267257421794801,-0.41837666433444465,0.00035100063557310415,-0.8337477106537056
load03,g4,Current,Tau 1,0.013762483173081118,-0.11681252655790421,0.0007349948157413195,-2.0884137709493134
load03,g4,Current,Tau 0.1,0.6387009155332938,-0.3342965109607849,0.0002819733687826566,-1.058377549017779
load03,g4,Current,Tau 0.1,0.9801035472580608,-0.7146536386865435,0.000121277609736451,-1.0912436637041258
load03,g4,Current,Tau 0.1,0.003031061532843524,-0.011722024798448067,0.00031421860325323405,0.9466595619237539
load03,g4,Current,Tau 0.01,0.6387009155332938,-0.3342965109607849,0.0002819733687826566,-1.058377549017779
load03,g4,Current,Tau 0.01,0.9801035472580608,-0.7146536386865435,0.000121277609736451,-1.0912436637041258
load03,g4,Current,Tau 0.01,0.003031061532843524,-0.011722024798448067,0.00031421860325323405,0.9466595619237539
load03,g4,Active Power,Order 2,0.02033790402886366,-0.09139482029512529,0.321964737149281,-2.3884852078532637
load03,g4,Active Power,Order 4,0.21498475327726108,-0.3440127067512486,0.14394278188115261,1.163977904084058
load03,g4,Active Power,Order 4,0.02107369996893917,-0.06262052416076933,0.2175506181828521,-2.470813116631399
load03,g4,Active Power,Order 6,0.627612368157404,-0.3884968801557254,0.19563608659436746,-0.6991630577450093
load03,g4,Active Power,Order 6,0.02846902699836177,-0.4208090462066166,0.8081768416604092,1.9878178374212907
load03,g4,Active Power,Order 6,0.008406740677754397,-0.005387620290648797,0.07732706149862731,-0.1822741098107915
load03,g4,Active Power,Tau 1,0.6252593954766195,-0.4423743225690662,0.22403472166208666,-0.7095414725814477
load03,g4,Active Power,Tau 1,0.009780702243052037,-0.12403365189615635,0.8520417322340524,-1.9239594058146594
load03,g4,Active Power,Tau 0.1,0.6385233357009538,-0.3410427674414585,0.1740967883027071,-0.9763236933389785
load03,g4,Active Power,Tau 0.1,0.97153124215741,-0.6798690193354833,0.0942557784871615,-1.0444983436906616
load03,g4,Active Power,Tau 0.1,0.002698505983233682,-0.011046406537238259,0.2737380361783178,1.014264970967459
load03,g4,Active Power,Tau 0.01,0.6385233357009538,-0.3410427674414585,0.1740967883027071,-0.9763236933389785
load03,g4,Active Power,Tau 0.01,0.97153124215741,-0.6798690193354833,0.0942557784871615,-1.0444983436906616
load03,g4,Active Power,Tau 0.01,0.002698505983233682,-0.011046406537238259,0.2737380361783178,1.014264970967459
load03,g4,Reactive Power,Order 2,0.0199861449024396,-0.0967364381684298,0.2767373340432046,-2.3576008120891516
load03,g4,Reactive Power,Order 4,0.08990576650719843,-0.4447852477821698,0.3824946048454129,1.7760495575505404
load03,g4,Reactive Power,Order 4,0.01669241427506029,-0.011736728003970185,0.0518785160400941,-1.857225488997789
load03,g4,Reactive Power,Order 6,0.6334896135160536,-0.3368973549557437,0.09091765334897474,-0.7117943166825296
load03,g4,Reactive Power,Order 6,0.0055458466595343465,-0.0035642750429370072,0.08484200051217534,0.40873974962708903
load03,g4,Reactive Power,Tau 1,0.6334896135160536,-0.3368973549557437,0.09091765334897474,-0.7117943166825296
load03,g4,Reactive Power,Tau 1,0.0055458466595343465,-0.0035642750429370072,0.08484200051217534,0.40873974962708903
load03,g4,Reactive Power,Tau 0.1,0.6334896135160536,-0.3368973549557437,0.09091765334897474,-0.7117943166825296
load03,g4,Reactive Power,Tau 0.1,0.0055458466595343465,-0.0035642750429370072,0.08484200051217534,0.40873974962708903
load03,g4,Reactive Power,Tau 0.01,0.6334896135160536,-0.3368973549557437,0.09091765334897474,-0.7117943166825296
load03,g4,Reactive Power,Tau 0.01,0.0055458466595343465,-0.0035642750429370072,0.08484200051217534,0.40873974962708903
load03,g5,Voltage,Order 2,0.6073305674814287,-0.4512224346673536,0.00010284037050475071,2.0115103575541853
load03,g5,Voltage,Order 4,0.6394240367393164,-0.33296475985918333,7.481414563499654e-05,1.7559130791527888
load03,g5,Voltage,Order 4,0.12421047109612307,-0.5729373723496328,7.733137862798414e-05,-2.300996227313672
load03,g5,Voltage,Order 6,0.638860471630661,-0.33394682440093987,7.50267295217298e-05,1.76739144857344
load03,g5,Voltage,Order 6,0.1415874241890091,-0.5629670613745227,6.698981769535705e-05,-2.4682485904715716
load03,g5,Voltage,Tau 1,0.6394240367393164,-0.33296475985918333,7.481414563499654e-05,1.7559130791527888
load03,g5,Voltage,Tau 1,0.12421047109612307,-0.5729373723496328,7.733137862798414e-05,-2.300996227313672
load03,g5,Voltage,Tau 0.1,0.6394240367393164,-0.33296475985918333,7.481414563499654e-05,1.7559130791527888
load03,g5,Voltage,Tau 0.1,0.12421047109612307,-0.5729373723496328,7.733137862798414e-05,-2.300996227313672
load03,g5,Voltage,Tau 0.01,0.6379361811643962,-0.33571389245317995,7.635352614058297e-05,1.7885711907175375
load03,g5,Voltage,Tau 0.01,1.1156665603247282,-0.48179816856064267,6.072859416462262e-06,1.6494346377278002
load03,g5,Voltage,Tau 0.01,0.2874909312817375,-0.7817983929141766,2.0780785303399045e-05,2.3787063552328807
load03,g5,Voltage,Tau 0.01,0.09168568760779075,-0.37764445937391433,4.225288820968208e-05,-2.3458645990571005
load03,g5,Voltage,Tau 0.01,0.1336278421585447,-0.2199258242084225,1.4693941193812735e-05,-1.1851805412809941
load03,g5,Voltage,Tau 0.01,0.3379754890792081,-0.0008476621731590839,4.317104629922796e-08,1.204125293353068
load03,g5,Voltage,Tau 0.01,0.01761687110142384,0.04450863240999103,8.918695676027061e-08,-2.512389644184397
load03,g5,Current,Order 2,0.022712157698252394,-0.06777749016708609,0.00021477889582046322,-2.579004965447513
load03,g5,Current,Order 4,0.6256067687275314,-0.3929330296835079,0.00042047772910599963,-0.8063653156478289
load03,g5,Current,Order 4,0.01970845792958966,-0.10092989428393286,0.0003555290967066504,-2.370737590159615
load03,g5,Current,Order 6,0.6322312457152227,-0.3873349781247701,0.000409346800375431,-0.8605376192914489
load03,g5,Current,Order 6,0.047583916971525364,-0.2746350177956092,0.00032165857357938793,2.3934011495075045
load03,g5,Current,Order 6,0.014751582230380292,-0.010404158196586511,5.696339025145884e-05,-1.4577018530790016
load03,g5,Current,Tau 1,0.6312104453567039,-0.40952635641160345,0.00043609111951640003,-0.864266676773829
load03,g5,Current,Tau 1,0.01551459910771698,-0.11328156384209752,0.00048384601135446095,-2.172959231592854
load03,g5,Current,Tau 0.1,0.6397871952121672,-0.33276060462383056,0.00035552388922393505,-1.0854873943278796
load03,g5,Current,Tau 0.1,0.9970670701956991,-0.7733162360780762,0.0002158609197562416,-1.3865505635802913
load03,g5,Current,Tau 0.1,0.010907483648439829,-0.123085874839751,0.0007462620517481389,-1.979737045718187
load03,g5,Current,Tau 0.01,0.6388714405247053,-0.32955134343183473,0.00035118087887519,-1.0624440668087887
load03,g5,Current,Tau 0.01,1.0044313497286665,-0.7513501463467382,0.0002060280817029056,-1.436248368782658
load03,g5,Current,Tau 0.01,0.02550433187780942,-0.22726626009008544,0.0003799512338133881,2.869160140647952
load03,g5,Current,Tau 0.01,0.0076373773662956525,-0.008195011726416726,7.991081001297045e-05,0.005403224315070436
load03,g5,Active Power,Order 2,0.021519612006724354,-0.08208163404015328,0.18393157442823146,-2.466724495988017
load03,g5,Active Power,Order 4,0.5867392403859782,-0.38282696411217315,0.2073734469458977,-0.3924393831589351
load03,g5,Active Power,Order 4,0.019235030476136943,-0.1038098602845521,0.25310908710491226,-2.3260285172137283
load03,g5,Active Power,Order 6,0.6326441513393868,-0.41660321225034447,0.22239014126494885,-0.7785297609948066
load03,g5,Active Power,Order 6,0.04660197255785513,-0.28630002659651016,0.22728667389436272,2.499078180141358
load03,g5,Active Power,Order 6,0.014149411994153772,-0.0073498118852549045,0.037240940787478784,-1.3551228022966486
load03,g5,Active Power,Tau 1,0.630969664755783,-0.4448112279351906,0.23952870569223442,-0.7817339221926123
load03,g5,Active Power,Tau 1,0.010539952168737016,-0.12500711420462488,0.5343366125783845,-1.9550825512130934
load03,g5,Active Power,Tau 0.1,0.9901820525187199,-0.7573732638800706,0.13710470876773787,-1.3462655199054825
load03,g5,Active Power,Tau 0.1,0.6405808109416025,-0.338267721490216,0.18239487302950813,-1.0451955040889775
load03,g5,Active Power,Tau 0.01,0.9959272025845232,-0.7376206544429433,0.1313839181754645,-1.3889305904311198
load03,g5,Active Power,Tau 0.01,0.6395424509947982,-0.3340768511602013,0.1795878366003049,-1.0192973972531378
load03,g5,Active Power,Tau 0.01,0.018445255058933546,-0.30671583290208415,0.4040965021788021,2.385673928069923
load03,g5,Active Power,Tau 0.01,0.004323738515234365,-0.010753303096395207,0.10844381725163275,0.6826938721600402
load03,g5,Reactive Power,Order 2,0.02985447036894254,-0.10340099250775747,0.05454882718208519,0.5183114007807642
load03,g5,Reactive Power,Order 4,0.10770106936812328,-0.33120648764366967,0.10756254718758361,-1.4674752089063396
load03,g5,Reactive Power,Order 4,0.01179523037899762,0.006644524571683291,0.007086319799965187,2.185091092279106
load03,g5,Reactive Power,Order 6,0.1098985778607112,-0.5095568683037108,0.1865951022140747,-1.6380807525448255
load03,g5,Reactive Power,Order 6,0.6218377822921646,-0.3283485397171314,0.028303465624651945,-0.5826159497863334
load03,g5,Reactive Power,Order 6,0.004386249810462565,0.009834508100956041,0.013609893942516629,-2.5150516110344623
load03,g5,Reactive Power,Tau 1,0.1098985778607112,-0.5095568683037108,0.1865951022140747,-1.6380807525448255
load03,g5,Reactive Power,Tau 1,0.6218377822921646,-0.3283485397171314,0.028303465624651945,-0.5826159497863334
load03,g5,Reactive Power,Tau 1,0.004386249810462565,0.009834508100956041,0.013609893942516629,-2.5150516110344623
load03,g5,Reactive Power,Tau 0.1,0.1098985778607112,-0.5095568683037108,0.1865951022140747,-1.6380807525448255
load03,g5,Reactive Power,Tau 0.1,0.6218377822921646,-0.3283485397171314,0.028303465624651945,-0.5826159497863334
load03,g5,Reactive Power,Tau 0.1,0.004386249810462565,0.009834508100956041,0.013609893942516629,-2.5150516110344623
load03,g5,Reactive Power,Tau 0.01,0.6337241825682304,-0.3599932365138204,0.030886726092324953,-0.7037337440841462
load03,g5,Reactive Power,Tau 0.01,0.13415088568295283,-0.3741313830790272,0.1337295626491052,-1.3964505956577238
load03,g5,Reactive Power,Tau 0.01,1.0093016227236953,-0.4709190790967581,0.0066621778650130335,1.3569080586325573
load03,g5,Reactive Power,Tau 0.01,0.10047166550415612,-0.1747511913587018,0.0392778290723934,-2.692468657647463
load03,g5,Reactive Power,Tau 0.01,0.007219922835564466,0.01003254360905536,0.00872167700132022,-3.131423712388898
load03,g6,Voltage,Order 4,0.6185490768868328,-0.32832443383992604,7.317458047958783e-05,1.9742972415292517
load03,g6,Voltage,Order 4,0.008880763638225311,-0.19641831911847465,0.0004263732784488382,-1.803252112383863
load03,g6,Voltage,Order 6,0.6385389047537445,-0.3300354678637894,7.625801606138067e-05,1.783170397923007
load03,g6,Voltage,Order 6,0.04733554554211859,-0.24682331766059165,0.00010308432507300026,-2.8552718141997024
load03,g6,Voltage,Order 6,0.013284798103519034,0.005666398355031099,8.010310787377327e-06,-1.2415415591109498
load03,g6,Voltage,Tau 0.1,0.6398657233941863,-0.32220724856529886,7.417695458709602e-05,1.7634211056639082
load03,g6,Voltage,Tau 0.1,0.07446477479316337,-0.11750283056239577,1.6766511712736026e-05,2.803238414124051
load03,g6,Voltage,Tau 0.01,0.6391274778587215,-0.32685321461080513,7.543902886968824e-05,1.7788883819726045
load03,g6,Voltage,Tau 0.01,0.061507675996950555,-0.3739292354403253,0.00012018815486750197,2.961447442877366
load03,g6,Voltage,Tau 0.01,0.10193673213414835,-0.1106110321302722,9.251794269894516e-06,0.33195741003460133
load03,g6,Voltage,Tau 0.01,0.008366743291368982,0.002662314316203745,1.2172660309843515e-05,-0.1828876670075449
load03,g6,Current,Order 2,0.021898921979740967,-0.08246486300259644,0.0003439601221295898,-2.477718209998658
load03,g6,Current,Order 4,0.5902937513252178,-0.36177452279777,0.00036666968908974113,-0.49028484616233203
load03,g6,Current,Order 4,0.01962287114156318,-0.10452305402130345,0.0004749973261197673,-2.3371021513084007
load03,g6,Current,Order 6,0.6313587450970656,-0.3730283448600307,0.00037657395546753425,-0.8496881300749789
load03,g6,Current,Order 6,0.034990911323956396,-0.4141198565878394,0.0009412367564660681,1.9942669946793423
load03,g6,Current,Order 6,0.008921996446904851,-0.007710500969634633,9.442578421870959e-05,-0.2731830861688518
load03,g6,Current,Tau 1,0.6293879085101005,-0.41581474519849726,0.00042305012274974555,-0.8514689651439592
load03,g6,Current,Tau 1,0.013887557718561613,-0.12180074393336375,0.000758053124425044,-2.0833946646756614
load03,g6,Current,Tau 0.1,0.6385744332256676,-0.33096748399792086,0.0003368812856528355,-1.032991899337414
load03,g6,Current,Tau 0.1,0.9945721488736833,-0.7084579152251602,0.00014491944764903725,-1.308026356476594
load03,g6,Current,Tau 0.1,0.02222623477511208,-0.43239693511567107,0.0013861075842157469,1.9057480016568316
load03,g6,Current,Tau 0.1,0.007025636100339751,-0.009434722141186153,0.00012231924598713037,0.12457458953359371
load03,g6,Current,Tau 0.01,0.6385744332256676,-0.33096748399792086,0.0003368812856528355,-1.032991899337414
load03,g6,Current,Tau 0.01,0.9945721488736833,-0.7084579152251602,0.00014491944764903725,-1.308026356476594
load03,g6,Current,Tau 0.01,0.02222623477511208,-0.43239693511567107,0.0013861075842157469,1.9057480016568316
load03,g6,Current,Tau 0.01,0.007025636100339751,-0.009434722141186153,0.00012231924598713037,0.12457458953359371
load03,g6,Active Power,Order 2,0.021194170673235813,-0.08527305831232011,0.2571054996886715,-2.441509913478878
load03,g6,Active Power,Order 4,0.5519376343484426,-0.34949120225762953,0.21745473134346202,-0.11660309408126114
load03,g6,Active Power,Order 4,0.019504153607421925,-0.10072894284950881,0.3182503316390297,-2.3367189052912427
load03,g6,Active Power,Order 6,0.6307124924704532,-0.3966264443403855,0.25850979883985015,-0.7440847518154119
load03,g6,Active Power,Order 6,0.042244961737955604,-0.3262558736754079,0.37302912224310963,2.3504026413450676
load03,g6,Active Power,Order 6,0.01186347438155572,-0.0055766677810681,0.051883767132363215,-0.8964578114416831
load03,g6,Active Power,Tau 1,0.6293726279404391,-0.4283944935847293,0.28086059621292686,-0.7516420358961337
load03,g6,Active Power,Tau 1,0.010360021640442819,-0.1247573081508049,0.7206853914778184,-1.9465702450763276
load03,g6,Active Power,Tau 0.1,0.6406100519047255,-0.3435474119617175,0.22720528396495884,-1.0200876814199862
load03,g6,Active Power,Tau 0.1,0.9729679084015306,-0.7235340430438066,0.13628120435463087,-1.1683558676090509
load03,g6,Active Power,Tau 0.01,0.6387963264977502,-0.3360706712440567,0.2209599255606183,-0.9755122591982277
load03,g6,Active Power,Tau 0.01,0.9847061408219113,-0.6815936460488657,0.12425854504645117,-1.2550507349179703
load03,g6,Active Power,Tau 0.01,0.0036634964311694027,-0.012082196389537597,0.1803552615807616,0.8186315992619294
load03,g6,Reactive Power,Order 2,0.020567061145580785,-0.12559957932992852,0.5324005840595548,-2.273427914924092
load03,g6,Reactive Power,Order 4,0.07076190818800542,-0.47010137800272944,0.801112853527835,1.9109969319193496
load03,g6,Reactive Power,Order 4,0.010117037926590071,-0.005679521473126727,0.0682179022075719,-0.5175002144277705
load03,g6,Reactive Power,Order 6,0.6363152830263298,-0.34263743104413324,0.09974983828345907,-0.9108231339472563
load03,g6,Reactive Power,Order 6,0.06147409231539492,-0.3057212737006455,0.481397752866367,2.375625414312201
load03,g6,Reactive Power,Order 6,0.011632040834405498,-0.004021339932433092,0.05910354363446205,-0.8373686014826927
load03,g6,Reactive Power,Tau 1,0.07076190818800542,-0.47010137800272944,0.801112853527835,1.9109969319193496
load03,g6,Reactive Power,Tau 1,0.010117037926590071,-0.005679521473126727,0.0682179022075719,-0.5175002144277705
load03,g6,Reactive Power,Tau 0.1,0.07076190818800542,-0.47010137800272944,0.801112853527835,1.9109969319193496
load03,g6,Reactive Power,Tau 0.1,0.010117037926590071,-0.005679521473126727,0.0682179022075719,-0.5175002144277705
load03,g6,Reactive Power,Tau 0.01,0.6388997058298705,-0.3361405764182953,0.097303081372143,-0.9446880849708615
load03,g6,Reactive Power,Tau 0.01,0.027984668461501952,-0.5324035715419707,1.2824370954814939,1.8626992192247098
load03,g6,Reactive Power,Tau 0.01,0.08201821833979908,-0.15509234017338266,0.06870898558104714,2.1361197525157927
load03,g6,Reactive Power,Tau 0.01,0.005289584905554875,-0.005678192555078228,0.11871442889882254,0.4820134557874982
load03,g7,Voltage,Order 2,0.48129111546915054,-0.3145053863121181,5.520827248910723e-05,2.687473792414737
load03,g7,Voltage,Order 4,0.625556180066653,-0.42826798989703757,0.00010169193319797339,1.8689843461722575
load03,g7,Voltage,Order 4,0.05681476987696724,-0.10214398592136988,1.6586634660232385e-05,-1.418344372885256
load03,g7,Voltage,Order 6,0.6406398741563865,-0.3351451627611254,7.839918345285495e-05,1.7336128093670742
load03,g7,Voltage,Order 6,0.07677309572811246,-0.502381642625576,9.785183073253153e-05,-1.9865552405081448
load03,g7,Voltage,Order 6,0.018330305408226905,-0.04168374742239817,4.6062922592923875e-06,1.2261235153896153
load03,g7,Voltage,Tau 1,0.6408962790471819,-0.3348768823664382,7.833227917882617e-05,1.7279981260733266
load03,g7,Voltage,Tau 1,0.05465070224857819,-0.503628599122549,0.0001509094229355876,-1.775414645741415
load03,g7,Voltage,Tau 0.1,0.6406398741563865,-0.3351451627611254,7.839918345285495e-05,1.7336128093670742
load03,g7,Voltage,Tau 0.1,0.07677309572811246,-0.502381642625576,9.785183073253153e-05,-1.9865552405081448
load03,g7,Voltage,Tau 0.1,0.018330305408226905,-0.04168374742239817,4.6062922592923875e-06,1.2261235153896153
load03,g7,Voltage,Tau 0.01,0.640046025601024,-0.336349366839931,7.876805306729069e-05,1.746357528350454
load03,g7,Voltage,Tau 0.01,0.07659618316497291,-0.3101596099363658,6.169826063370913e-05,-2.3491798222024114
load03,g7,Voltage,Tau 0.01,0.1261218408814653,-0.284464431406701,2.762583563030844e-05,-1.278141257599742
load03,g7,Voltage,Tau 0.01,0.01519442559090132,-0.031705072733981154,3.539492653454042e-06,1.71782843988003
load03,g7,Current,Order 2,0.02152595745386446,-0.07808366540080022,0.00029369937407901513,-2.4871467106787493
load03,g7,Current,Order 4,0.5919354759925475,-0.35197354727989794,0.0003063588701185134,-0.4782321230932743
load03,g7,Current,Order 4,0.01977986235249591,-0.09637331205255288,0.00038570258787623465,-2.371844452814207
load03,g7,Current,Order 6,0.6306605160614317,-0.36752366251628865,0.00031834457509993515,-0.828144010541949
load03,g7,Current,Order 6,0.027905744409162363,-0.3898509503750694,0.0009012936228768583,1.9759725353638895
load03,g7,Current,Order 6,0.007778246606795301,-0.007170964334158377,9.613333075982615e-05,-0.04468890557850538
load03,g7,Current,Tau 1,0.629444919740239,-0.4029196170096679,0.00035073007751456773,-0.8346177689286258
load03,g7,Current,Tau 1,0.01446546173233385,-0.1135304697493798,0.0005937482976391079,-2.125201126428628
load03,g7,Current,Tau 0.1,0.6388114798812686,-0.3335248134342123,0.00029188764950731453,-1.031301485195378
load03,g7,Current,Tau 0.1,0.9929896668331724,-0.7229844280609292,0.00012583723200388974,-1.189122801780972
load03,g7,Current,Tau 0.1,0.002443633256726817,-0.012910577007841118,0.0003531375277315567,1.0688834949575854
load03,g7,Current,Tau 0.01,0.6388114798812686,-0.3335248134342123,0.00029188764950731453,-1.031301485195378
load03,g7,Current,Tau 0.01,0.9929896668331724,-0.7229844280609292,0.00012583723200388974,-1.189122801780972
load03,g7,Current,Tau 0.01,0.002443633256726817,-0.012910577007841118,0.0003531375277315567,1.0688834949575854
load03,g7,Active Power,Order 2,0.020543631797122954,-0.08998203952290099,0.2680305136136612,-2.4007352738145054
load03,g7,Active Power,Order 4,0.3293151504137186,-0.31202352172971504,0.09948475959120398,0.6551196179842773
load03,g7,Active Power,Order 4,0.020644431198556218,-0.08175684129783253,0.2419513803398149,-2.4176282615025255
load03,g7,Active Power,Order 6,0.6297307943326435,-0.3882748242379695,0.1935324963556618,-0.7127229752027829
load03,g7,Active Power,Order 6,0.03365058588822463,-0.37713096300213256,0.505359113709159,2.153092079077807
load03,g7,Active Power,Order 6,0.009152856643429417,-0.005025570468776795,0.060291649139667225,-0.338256996457755
load03,g7,Active Power,Tau 1,0.6282959562368373,-0.4281324954813895,0.21442088211133054,-0.7237695535024111
load03,g7,Active Power,Tau 1,0.009481371488667624,-0.12487238881044498,0.7554656265846778,-1.9125495917011734
load03,g7,Active Power,Tau 0.1,0.6416578844777523,-0.3461869140225405,0.17584229950223554,-1.0228391104830414
load03,g7,Active Power,Tau 0.1,0.9639339735954985,-0.7678034153466742,0.10480281798075106,-1.0237312095504143
load03,g7,Active Power,Tau 0.01,0.6387943658168633,-0.3363206075223899,0.1691557786321048,-0.9526301970325689
load03,g7,Active Power,Tau 0.01,0.9853881394995317,-0.6940479481193131,0.08977012994110373,-1.1618635620047664
load03,g7,Active Power,Tau 0.01,0.0031811511438492026,-0.011038061223206773,0.19682344053211623,0.9152447086806417
load03,g7,Reactive Power,Order 2,0.03235740446175586,-0.14675390648093076,0.10486089375175262,0.6533383876194606
load03,g7,Reactive Power,Order 4,0.542526469278027,-0.19872966425806646,0.03858315987856125,0.29241066295818896
load03,g7,Reactive Power,Order 4,0.033200694726994044,-0.14005585041528942,0.10017312086160998,0.6143484146439948
load03,g7,Reactive Power,Order 6,0.6281840457214065,-0.30232858587534983,0.06881046776295847,-0.7356857671543651
load03,g7,Reactive Power,Order 6,0.08081548127017339,-0.26776945270766817,0.11768897595420812,-1.06302370805943
load03,g7,Reactive Power,Tau 1,0.6281840457214065,-0.30232858587534983,0.06881046776295847,-0.7356857671543651
load03,g7,Reactive Power,Tau 1,0.08081548127017339,-0.26776945270766817,0.11768897595420812,-1.06302370805943
load03,g7,Reactive Power,Tau 0.1,0.6316419995494889,-0.3241074503885397,0.07360875356896997,-0.7905637329984666
load03,g7,Reactive Power,Tau 0.1,0.07668271330931817,-0.19922127805194076,0.08181477486679256,-1.0048084714480798
load03,g7,Reactive Power,Tau 0.1,0.1560668464876608,-0.22054873818708562,0.022714540902730108,-1.57692179787843
load03,g7,Reactive Power,Tau 0.01,0.637143386811161,-0.33169374378354144,0.07624412181164153,-0.9160602176413362
load03,g7,Reactive Power,Tau 0.01,1.0438227415459744,-0.689549782511365,0.018319619179199012,-0.8955864643882194
load03,g7,Reactive Power,Tau 0.01,0.07898243745177752,-0.23304490118201102,0.12546316542270908,-1.1607609105516055
load03,g7,Reactive Power,Tau 0.01,0.13379215569865333,-0.21946814026008588,0.03314445072354029,-0.5002881480064211
load03,g7,Reactive Power,Tau 0.01,0.0035040073670989645,0.0103337763873664,0.01737183585252503,-2.314871749683804
load03,g8,Voltage,Order 4,0.01686255050223974,-0.06334714693357449,3.9420456051095866e-05,-1.3937001078368925
load03,g8,Voltage,Order 6,0.6474075788682124,-0.2890895454266812,4.703028465377301e-05,1.4791658229149833
load03,g8,Voltage,Order 6,0.03725501943381874,-0.18416766781329016,0.0001099774671871689,-2.536097704611158
load03,g8,Voltage,Order 6,0.017778959027031603,0.010829377843599441,5.770157189540614e-06,-2.265839085558313
load03,g8,Voltage,Tau 0.1,0.6474075788682124,-0.2890895454266812,4.703028465377301e-05,1.4791658229149833
load03,g8,Voltage,Tau 0.1,0.03725501943381874,-0.18416766781329016,0.0001099774671871689,-2.536097704611158
load03,g8,Voltage,Tau 0.1,0.017778959027031603,0.010829377843599441,5.770157189540614e-06,-2.265839085558313
load03,g8,Voltage,Tau 0.01,0.6398035134365956,-0.3252138904049201,5.1403722673793165e-05,1.6869213228136344
load03,g8,Voltage,Tau 0.01,0.9732810363746036,-0.4918384423936667,1.7326201707896482e-05,-1.4896368428645308
load03,g8,Voltage,Tau 0.01,0.13459126179668243,-0.17432264059792582,2.024864490028698e-05,2.790458729137071
load03,g8,Voltage,Tau 0.01,0.0681708171902752,-0.12008664203282138,3.0468342164350558e-05,2.464571571683043
load03,g8,Current,Order 2,0.020074576411247224,-0.08812770350506248,0.0003422466542661289,-2.39263778962664
load03,g8,Current,Order 4,0.17046485773128756,-0.17423685446776874,5.404021654928652e-05,1.4487603741980097
load03,g8,Current,Order 4,0.02101522941445001,-0.06399211007922821,0.0002499590955657849,-2.4863840676106577
load03,g8,Current,Order 6,0.6735870451668029,-0.23278525070901165,0.00011617457553570503,-1.600233886512388
load03,g8,Current,Order 6,0.009874993941471203,-0.006504303785830016,7.921742526370065e-05,-0.4960093577307004
load03,g8,Current,Tau 1,0.020819745177649382,-0.0912378276363397,0.0003445547243522623,-2.4115638529106564
load03,g8,Current,Tau 0.1,0.6428650120377835,-0.3704920559693737,0.0001849372930301204,-1.1445573261186626
load03,g8,Current,Tau 0.1,1.1499178225318802,-0.5525500194437917,8.76479064819313e-05,0.9128806916026979
load03,g8,Current,Tau 0.1,0.011934564240359205,-0.11483140132112958,0.0006972760663622279,-2.01795398182531
load03,g8,Current,Tau 0.01,0.6429076555040713,-0.359857346584277,0.00017951950877442382,-1.1374826892908674
load03,g8,Current,Tau 0.01,1.148864637948966,-0.5546581185971037,8.819434564173298e-05,0.9415270076120446
load03,g8,Current,Tau 0.01,0.011330099992172072,-0.11359692499582633,0.0007177278278716233,-1.9923040109377737
load03,g8,Current,Tau 0.01,0.10628239907903216,-0.10633688111578513,9.769630680147127e-06,1.410891387336221
load03,g8,Active Power,Order 2,0.019098111351827603,-0.10167462474261031,0.3418784199916676,-2.308878778715917
load03,g8,Active Power,Order 4,0.08039080306363004,-0.2744275914134904,0.22460677175849006,2.2022160361559733
load03,g8,Active Power,Order 4,0.018736473248744116,-0.020780554174466444,0.0754926455314401,-2.1936303784125615
load03,g8,Active Power,Order 6,0.6834073257374038,-0.22602183269083825,0.061235501405367654,-1.606446110552877
load03,g8,Active Power,Order 6,0.008967557311267402,-0.005959223606984762,0.06857991758075341,-0.3013773197120938
load03,g8,Active Power,Tau 1,0.6518627908431843,-0.33328761807082485,0.09532412992041792,-1.1599212321475516
load03,g8,Active Power,Tau 1,0.0030854734651224874,-0.12953919144002632,2.54286682472629,-1.6774422788396606
load03,g8,Active Power,Tau 0.1,0.6518627908431843,-0.33328761807082485,0.09532412992041792,-1.1599212321475516
load03,g8,Active Power,Tau 0.1,0.0030854734651224874,-0.12953919144002632,2.54286682472629,-1.6774422788396606
load03,g8,Active Power,Tau 0.01,1.3666444144856689,-0.9486694942709576,0.0547800508821475,-0.8448331233246449
load03,g8,Active Power,Tau 0.01,0.6397668557528864,-0.3442663262857651,0.09498750424589035,-0.9759780689561888
load03,g8,Active Power,Tau 0.01,1.0588166089051874,-0.6611296811854668,0.05728446571137616,2.0476773001180946
load03,g8,Active Power,Tau 0.01,0.0029898516284055927,-0.010204338003261757,0.21860329486498192,0.953801563942496
load03,g8,Reactive Power,Order 2,0.025600548430256054,-0.12066730220471507,0.27689461027883955,-2.4279599135211667
load03,g8,Reactive Power,Order 4,0.06439507006026716,-0.2040401966891766,0.23990602522613746,2.4138718246592514
load03,g8,Reactive Power,Order 4,0.012158046003170109,-0.002879992480387853,0.03149575725988433,-0.9490533489949419
load03,g8,Reactive Power,Order 6,0.6441673431296946,-0.31658668853315264,0.050470421978238825,-1.1209545687213587
load03,g8,Reactive Power,Order 6,0.05971044054429735,-0.18095334351559306,0.21859293786549303,2.6539205919514406
load03,g8,Reactive Power,Order 6,0.013953010787895005,-0.003093128831666407,0.0296856200062041,-1.3199444484849068
load03,g8,Reactive Power,Tau 1,0.025600548430256054,-0.12066730220471507,0.27689461027883955,-2.4279599135211667
load03,g8,Reactive Power,Tau 0.1,0.06439507006026716,-0.2040401966891766,0.23990602522613746,2.4138718246592514
load03,g8,Reactive Power,Tau 0.1,0.012158046003170109,-0.002879992480387853,0.03149575725988433,-0.9490533489949419
load03,g8,Reactive Power,Tau 0.01,0.6401438408231825,-0.3371583275564457,0.05223873377048553,-0.9914540520313361
load03,g8,Reactive Power,Tau 0.01,0.9867081739036906,-0.4201996505220516,0.015800798574629342,1.8062305286722486
load03,g8,Reactive Power,Tau 0.01,0.06917210750172346,-0.14216566830580882,0.12590234842059814,2.256914175319058
load03,g8,Reactive Power,Tau 0.01,0.12493928226720014,-0.321907228161445,0.035618097062971976,2.2702386372214063
load03,g9,Voltage,Order 2,0.6735271147224382,-0.292150155914637,0.0001282482084068028,1.2426758379544283
load03,g9,Voltage,Order 4,0.8688944985115811,-0.4458067844047387,0.00010105256139681187,-0.7300141303276698
load03,g9,Voltage,Order 4,0.5905816042577171,-0.44008112218510903,0.00014289717353833538,2.3178778031702043
load03,g9,Voltage,Order 6,0.639436766639729,-0.360815108511553,0.00014701523684316616,1.7418443154195407
load03,g9,Voltage,Order 6,0.9832559677669633,-0.4416251031595716,9.398892412294376e-05,-1.6740762721104945
load03,g9,Voltage,Order 6,0.12517463765705367,-0.3301271717855892,4.396911353384487e-05,-1.9636182852301445
load03,g9,Voltage,Tau 1,0.6735271147224382,-0.292150155914637,0.0001282482084068028,1.2426758379544283
load03,g9,Voltage,Tau 0.1,0.9855744457045961,-0.4597310240373505,9.845255429924318e-05,-1.6907603030000369
load03,g9,Voltage,Tau 0.1,0.6388768577237948,-0.34643646522433197,0.00014114275889961746,1.7815000884039696
load03,g9,Voltage,Tau 0.1,0.24467405234515152,-0.7576228306922815,7.15085037399805e-05,2.6966442677562723
load03,g9,Voltage,Tau 0.1,0.012845666464632553,-0.05823131377006067,3.8844857649743075e-06,2.4505964162192857
load03,g9,Voltage,Tau 0.01,0.9773305010535682,-0.5259369782995265,0.0001105799816491865,-1.520364078055934
load03,g9,Voltage,Tau 0.01,0.6378937794430345,-0.33482873241079203,0.00013499100435452544,1.804000851775717
load03,g9,Voltage,Tau 0.01,0.26391888681969283,-0.7492228146389913,5.047174772940095e-05,2.7727039481060967
load03,g9,Voltage,Tau 0.01,1.1144513602144634,-0.3598265124095476,1.105202241578515e-05,1.9673319166504535
load03,g9,Voltage,Tau 0.01,0.13838855430137145,-0.18888639904101473,9.044324743476739e-06,-1.7779106402249978
load03,g9,Voltage,Tau 0.01,0.009433500080612703,-0.07670489701604889,1.0383322976014992e-05,3.1003289332291692
load03,g9,Current,Order 2,0.01958586594999833,-0.09897781139614187,0.00047486340093435577,-2.332840082282622
load03,g9,Current,Order 4,0.744673847151306,-0.24960412875298074,0.0002588301935143492,-2.4216083357498652
load03,g9,Current,Order 4,0.018370739114658547,-0.11047135496629437,0.000561555859869836,-2.267630868009921
load03,g9,Current,Order 6,0.8313639961680441,-0.3390914541857004,0.0003116039788643607,-3.133245223140097
load03,g9,Current,Order 6,0.28179774032304084,-0.5637806972467909,0.00026004037513952736,1.0765806726607356
load03,g9,Current,Order 6,0.020997884484914593,-0.06408594352544356,0.00029748376696633834,-2.4575446032685893
load03,g9,Current,Tau 1,0.01958586594999833,-0.09897781139614187,0.00047486340093435577,-2.332840082282622
load03,g9,Current,Tau 0.1,0.9827438696069616,-0.4547710392042769,0.000383411906927658,1.7116354542677208
load03,g9,Current,Tau 0.1,0.6411404423808967,-0.3441284383809848,0.00035243634513044454,-1.166914763108279
load03,g9,Current,Tau 0.1,0.005319089240157619,-0.008592424599495427,0.00016998600219933225,0.47097687642456215
load03,g9,Current,Tau 0.01,0.9748541899972862,-0.5423875194123439,0.00045079380986319523,1.8988425785401215
load03,g9,Current,Tau 0.01,0.638405223097927,-0.3279903880545086,0.00033064997780916564,-1.1070652631988909
load03,g9,Current,Tau 0.01,1.1073084942526084,-0.42237458808158795,5.893973876652948e-05,-0.9182742268589812
load03,g9,Current,Tau 0.01,0.0032224598656076645,-0.010705927584204024,0.00029821754294607697,0.9063624008817
load03,g9,Active Power,Order 2,0.018574739068743615,-0.1060221067961013,0.532339771229048,-2.2769023112328126
load03,g9,Active Power,Order 4,0.7785753049203443,-0.22742903353955804,0.1703595095470782,-2.6475936055605733
load03,g9,Active Power,Order 4,0.01810211440046159,-0.11028199655583551,0.5680222310299271,-2.2531299983158544
load03,g9,Active Power,Order 6,0.8582360852114921,-0.3342734175538191,0.24966904081794586,2.980022348697414
load03,g9,Active Power,Order 6,0.1764704453141578,-0.5962660271386088,0.4062468249997643,1.615857969839938
load03,g9,Active Power,Order 6,0.020207925482333217,-0.040005838244587553,0.18844086534723067,-2.4108215136098625
load03,g9,Active Power,Tau 1,0.018574739068743615,-0.1060221067961013,0.532339771229048,-2.2769023112328126
load03,g9,Active Power,Tau 0.1,0.9845473816778619,-0.4510783702545175,0.31311170378580705,1.7327260116462468
load03,g9,Active Power,Tau 0.1,0.6417376840941017,-0.35885544623928367,0.2665698790913424,-1.0786378164962254
load03,g9,Active Power,Tau 0.01,0.9772847402390917,-0.5214772699863497,0.35688721279186447,1.8862017520450771
load03,g9,Active Power,Tau 0.01,0.6380108699973679,-0.3380126084611792,0.24721927532494017,-0.9936389361150167
load03,g9,Active Power,Tau 0.01,1.1137013877846127,-0.3469061056519496,0.032384877101569336,-0.8936353251236808
load03,g9,Active Power,Tau 0.01,0.0012813152027634513,-0.01101395561546783,0.7625900408314209,1.3066053679861451
load03,g9,Reactive Power,Order 2,0.02273498749871524,-0.05218881594017105,0.03923271971405391,-2.6948220398832454
load03,g9,Reactive Power,Order 4,0.13561534366758488,-0.09768370716874789,0.018906236031584932,-0.9574767932043241
load03,g9,Reactive Power,Order 4,0.021393375060567734,-0.07119126812996912,0.055738907055066296,-2.5671142713790336
load03,g9,Reactive Power,Order 6,0.5101565159488594,-0.20637766594055937,0.019202940206829843,1.2487482720586356
load03,g9,Reactive Power,Order 6,0.11214052688720863,-0.08229839475888365,0.014166082263902324,-0.12825766003055772
load03,g9,Reactive Power,Order 6,0.0211184387594022,-0.06594943935852665,0.048721147260442896,-2.542666075619396
load03,g9,Reactive Power,Tau 1,0.7640962666460032,-0.4693416309848695,0.04978057642384855,-1.0685878091977445
load03,g9,Reactive Power,Tau 1,0.16497108095918497,-0.369431342685674,0.07963104428452589,-1.709165789499313
load03,g9,Reactive Power,Tau 1,0.015258472219703756,-0.1125448367608921,0.12578233373379047,-2.2304094676562247
load03,g9,Reactive Power,Tau 0.1,0.9770633083834422,-0.4200416500545213,0.03207144351208028,-2.426818667036791
load03,g9,Reactive Power,Tau 0.1,0.638171095735619,-0.39577100960667777,0.039374045448531556,-0.005158503183146525
load03,g9,Reactive Power,Tau 0.1,0.13763081049369796,-0.3256499855494923,0.09941903649330903,-1.020855157658827
load03,g9,Reactive Power,Tau 0.1,0.08234290664477885,-0.1460617294185097,0.021933799025157283,-1.8161958097861717
load03,g9,Reactive Power,Tau 0.01,0.9817891072241567,-0.44624611918315765,0.03408297246944545,-2.499859673718787
load03,g9,Reactive Power,Tau 0.01,0.6341295863023712,-0.3531196951038416,0.03495084789634837,0.13575209638973904
load03,g9,Reactive Power,Tau 0.01,0.12828611168208845,-0.24005224073447076,0.06619969746213414,-0.21408821952315646
load03,g9,Reactive Power,Tau 0.01,0.058121219538964666,-0.23612107082731998,0.1132749951519956,0.23263030625676256
load03,g9,Reactive Power,Tau 0.01,0.40790443245218483,-0.6171161146119161,0.012810786986882662,0.8398056542498643
load03,g9,Reactive Power,Tau 0.01,0.006725407156042433,-0.00985992392829194,0.023921771821072878,0.18014350384986927
load03,g10,Voltage,Order 2,0.11649036375669147,-0.2565066283199316,7.418090727590002e-05,-2.995225072341699
load03,g10,Voltage,Order 4,0.6450585153731258,-0.2894417151498154,4.657957745955653e-05,1.6104523050879611
load03,g10,Voltage,Order 4,0.11849001826155722,-0.18550901572172,5.333092472760768e-05,-3.0897397345242252
load03,g10,Voltage,Order 6,0.6474614635889039,-0.31541145731091125,5.041785799748365e-05,1.600838822303411
load03,g10,Voltage,Order 6,0.12913363099131703,-0.19652851512878888,5.3465052428722175e-05,2.9011161571413604
load03,g10,Voltage,Tau 1,0.11649036375669147,-0.2565066283199316,7.418090727590002e-05,-2.995225072341699
load03,g10,Voltage,Tau 0.1,0.638680446645731,-0.33392805565699657,5.236726287948603e-05,1.7703466726336692
load03,g10,Voltage,Tau 0.1,0.9817776247970574,-0.4851162945960449,1.4592475600198928e-05,-1.5721224176915098
load03,g10,Voltage,Tau 0.1,0.12837714418594906,-0.2004767251064841,5.493402594700728e-05,2.9305936432869846
load03,g10,Voltage,Tau 0.01,0.638680446645731,-0.33392805565699657,5.236726287948603e-05,1.7703466726336692
load03,g10,Voltage,Tau 0.01,0.9817776247970574,-0.4851162945960449,1.4592475600198928e-05,-1.5721224176915098
load03,g10,Voltage,Tau 0.01,0.12837714418594906,-0.2004767251064841,5.493402594700728e-05,2.9305936432869846
load03,g10,Current,Order 2,0.01879162241396731,-0.03698716741896192,0.0002546509215455724,-2.6184200780743954
load03,g10,Current,Order 4,0.15993188583121973,-0.20688206435890147,0.0001699625268108664,1.8785947824616853
load03,g10,Current,Order 4,0.019078402912889637,-0.009191037195464073,0.0001385578733504074,-2.7118375130837724
load03,g10,Current,Order 6,0.6911317154062625,-0.3849321340977582,0.00024144854985323495,-1.5377109831245666
load03,g10,Current,Order 6,0.012883214736293204,-0.027324076822834394,0.00021453630827270606,-2.142539890439832
load03,g10,Current,Tau 1,0.6844237912712589,-0.3259245196616105,0.00020948486458165075,-1.5124943463928597
load03,g10,Current,Tau 1,0.012302006185256807,0.02537847542718858,5.289480073174152e-05,-1.2990524159343702
load03,g10,Current,Tau 0.1,1.0980098644885918,-0.44600808023056765,0.00014468034779774197,2.2006856027630706
load03,g10,Current,Tau 0.1,0.6417306662203294,-0.34319051175243753,0.0002112215082227199,-0.9341556623064624
load03,g10,Current,Tau 0.1,0.12289085315500929,-0.18251824926060484,6.423727931437334e-05,2.9615463336405563
load03,g10,Current,Tau 0.1,0.005456724194702452,0.01887993425038436,0.00014576780435055512,0.29772590983934305
load03,g10,Current,Tau 0.01,1.097911305282152,-0.45082296658709015,0.00014658425394312554,2.203085951556668
load03,g10,Current,Tau 0.01,0.6416816429480747,-0.3395717320516883,0.00020856601584573844,-0.9307060103615729
load03,g10,Current,Tau 0.01,0.12387908429587212,-0.20834074019967633,7.686032740871664e-05,2.8853273979334944
load03,g10,Current,Tau 0.01,0.0148378706743995,-0.11227292814880724,0.0003361468185569683,-2.66628480706608
load03,g10,Current,Tau 0.01,0.01060143574593384,0.03450812669895026,3.665211311258612e-05,-0.8642946203444744
load03,g10,Active Power,Order 2,0.018994533038914543,-0.02431696149726734,0.21627220230406882,-2.7156633876492173
load03,g10,Active Power,Order 4,0.06978976399434847,-0.1673031715012948,0.19138365148837527,2.254943420690327
load03,g10,Active Power,Order 4,0.018551851016690414,0.011609132347486723,0.0800343052997937,-2.717489227242822
load03,g10,Active Power,Order 6,0.80578271840505,-0.34997530314100617,0.14304861121154192,-2.1012150852525
load03,g10,Active Power,Order 6,0.008559134409507731,0.017583866568128412,0.1272224692279911,-0.5067516679663049
load03,g10,Active Power,Tau 1,0.007480686747779801,0.019825196721518504,0.12126751086769452,-0.1946272320928368
load03,g10,Active Power,Tau 0.1,0.007480686747779801,0.019825196721518504,0.12126751086769452,-0.1946272320928368
load03,g10,Active Power,Tau 0.01,0.007480686747779801,0.019825196721518504,0.12126751086769452,-0.1946272320928368
load03,g10,Reactive Power,Order 2,0.021134204211611822,-0.16129623279080388,0.31221701200635144,-2.206083300448454
load03,g10,Reactive Power,Order 4,0.15800952500491763,-0.21193844242797083,0.1767725683293186,2.064320704804514
load03,g10,Reactive Power,Order 4,0.02024875717113249,-0.048039889074813616,0.07238160927034312,-2.2850376778652883
load03,g10,Reactive Power,Order 6,0.6431116362928646,-0.327252396352169,0.14536988040401985,-1.2394202979359186
load03,g10,Reactive Power,Order 6,0.12291253176056162,-0.19169295054000343,0.170122615776471,2.9671499679935276
load03,g10,Reactive Power,Order 6,0.021620070141388097,-0.07018828669787414,0.11074019050017035,-2.4418164456904945
load03,g10,Reactive Power,Tau 1,0.021134204211611822,-0.16129623279080388,0.31221701200635144,-2.206083300448454
load03,g10,Reactive Power,Tau 0.1,0.6480149141147812,-0.31661260226499616,0.13949088286962716,-1.2970199560309856
load03,g10,Reactive Power,Tau 0.1,0.12598123893008284,-0.22277909638189844,0.20240747513665697,2.8220342189072123
load03,g10,Reactive Power,Tau 0.1,0.041981485088376104,-0.06761718955651759,0.04385319298441532,2.5789968651830386
load03,g10,Reactive Power,Tau 0.1,0.016945898141059883,-0.007389906170362612,0.025003158026923322,-1.8954310420246436
load03,g10,Reactive Power,Tau 0.01,0.6391226464549508,-0.33126729674867056,0.14415914643720892,-1.120014571609437
load03,g10,Reactive Power,Tau 0.01,0.9688809452856594,-0.4607968619721082,0.03482885418619299,1.914247110641509
load03,g10,Reactive Power,Tau 0.01,0.13212364753369865,-0.21773458514972546,0.1732667222835175,2.6094610198246184
load03,g10,Reactive Power,Tau 0.01,0.06441617620806836,-0.11165337520291242,0.04329717723719118,0.016272320096866976
