Scenario,Gen,Signal,Method,Frequency,Damping,Amplitude,Phase
load03,g1,Voltage,Order 2,0.023675385106190865,-0.16027722429760172,0.0001843538086476305,0.9087778966697185
load03,g1,Voltage,Order 4,0.05532230337319872,-0.2905457887689655,0.00012014673399891945,-0.38350065738301853
load03,g1,Voltage,Order 4,0.017061804913189794,-0.041181441549010954,2.8087403372701635e-05,1.8405699334054175
load03,g1,Voltage,Order 6,0.640148972425436,-0.32862539759829645,2.11403157621285e-05,1.7920142934978476
load03,g1,Voltage,Order 6,0.032174190522339684,-0.27739850445012976,0.0001685668198466788,-0.062144526869555905
load03,g1,Voltage,Order 6,0.006829725882606424,-0.045614056805518215,5.2813738193426346e-05,-2.712721948449011
load03,g1,Voltage,Tau 1,0.02178707732946237,-0.1652398100853903,0.00020667822980484872,0.9786136122974798
load03,g1,Voltage,Tau 0.1,0.640148972425436,-0.32862539759829645,2.11403157621285e-05,1.7920142934978476
load03,g1,Voltage,Tau 0.1,0.032174190522339684,-0.27739850445012976,0.0001685668198466788,-0.062144526869555905
load03,g1,Voltage,Tau 0.1,0.006829725882606424,-0.045614056805518215,5.2813738193426346e-05,-2.712721948449011
load03,g1,Voltage,Tau 0.01,0.640148972425436,-0.32862539759829645,2.11403157621285e-05,1.7920142934978476
load03,g1,Voltage,Tau 0.01,0.032174190522339684,-0.27739850445012976,0.0001685668198466788,-0.062144526869555905
load03,g1,Voltage,Tau 0.01,0.006829725882606424,-0.045614056805518215,5.2813738193426346e-05,-2.712721948449011
load03,g1,Current,Order 2,0.019669335120062085,-0.08120874996997024,0.00023948931705154066,0.7269288863200032
load03,g1,Current,Order 4,0.29040680220934884,-0.20667996879566428,5.166702942194789e-05,-2.4609693635967793
load03,g1,Current,Order 4,0.020093768417707044,-0.07067697237572614,0.00020961273431782662,0.6844241617222561
load03,g1,Current,Order 6,0.6387129255241595,-0.3429834544544685,0.00017256616528993338,2.0365560167968817
load03,g1,Current,Order 6,0.009219443400534336,-0.3931492851186073,0.0014983004885830255,-1.3690707960279653
load03,g1,Current,Order 6,0.004382946880544482,0.001708218373139507,0.00010307836012010694,-2.510851009064783
load03,g1,Current,Tau 1,0.019669335120062085,-0.08120874996997024,0.00023948931705154066,0.7269288863200032
load03,g1,Current,Tau 0.1,0.6387129255241595,-0.3429834544544685,0.00017256616528993338,2.0365560167968817
load03,g1,Current,Tau 0.1,0.009219443400534336,-0.3931492851186073,0.0014983004885830255,-1.3690707960279653
load03,g1,Current,Tau 0.1,0.004382946880544482,0.001708218373139507,0.00010307836012010694,-2.510851009064783
load03,g1,Current,Tau 0.01,0.6387129255241595,-0.3429834544544685,0.00017256616528993338,2.0365560167968817
load03,g1,Current,Tau 0.01,0.009219443400534336,-0.3931492851186073,0.0014983004885830255,-1.3690707960279653
load03,g1,Current,Tau 0.01,0.004382946880544482,0.001708218373139507,0.00010307836012010694,-2.510851009064783
load03,g1,Active Power,Order 2,0.019694846040511894,-0.08303917717154002,2.6096192368024984,0.7344473479796604
load03,g1,Active Power,Order 4,0.28624670000139335,-0.20563621846571511,0.5461388274487708,-2.443748960404267
load03,g1,Active Power,Order 4,0.020140010963888493,-0.0720903144913063,2.274595782906539,0.6906324725513447
load03,g1,Active Power,Order 6,0.6387757309447464,-0.34245122615218976,1.834153549164264,2.0314932980260285
load03,g1,Active Power,Order 6,0.013249224997509534,-0.38661723437776135,11.082187869300867,-1.2740699737931185
load03,g1,Active Power,Order 6,0.004152191104874173,0.0012884391963714477,1.1564242196484327,-2.4591343500550917
load03,g1,Active Power,Tau 1,0.019694846040511894,-0.08303917717154002,2.6096192368024984,0.7344473479796604
load03,g1,Active Power,Tau 0.1,0.6387757309447464,-0.34245122615218976,1.834153549164264,2.0314932980260285
load03,g1,Active Power,Tau 0.1,0.013249224997509534,-0.38661723437776135,11.082187869300867,-1.2740699737931185
load03,g1,Active Power,Tau 0.1,0.004152191104874173,0.0012884391963714477,1.1564242196484327,-2.4591343500550917
load03,g1,Active Power,Tau 0.01,0.6387757309447464,-0.34245122615218976,1.834153549164264,2.0314932980260285
load03,g1,Active Power,Tau 0.01,0.013249224997509534,-0.38661723437776135,11.082187869300867,-1.2740699737931185
load03,g1,Active Power,Tau 0.01,0.004152191104874173,0.0012884391963714477,1.1564242196484327,-2.4591343500550917
load03,g1,Reactive Power,Order 2,0.0520552742721501,-0.13959346393080244,0.2532714804323024,0.7817154649460156
load03,g1,Reactive Power,Order 4,0.6096062077597314,-0.45478601697879395,0.4597280941236056,-1.0344649825736387
load03,g1,Reactive Power,Order 4,0.030012002513177784,-0.02645002723515258,0.05756033552619051,1.5657299586048654
load03,g1,Reactive Power,Order 6,0.6415237585543847,-0.32099888254745645,0.3433995179790246,-1.226861877604278
load03,g1,Reactive Power,Order 6,0.05036827207918643,-0.2807346841849967,0.34447571709467745,0.8852570768386039
load03,g1,Reactive Power,Order 6,0.01975769540376818,0.006268378552490601,0.021922152957271894,-3.129640399333292
load03,g1,Reactive Power,Tau 1,0.6415237585543847,-0.32099888254745645,0.3433995179790246,-1.226861877604278
load03,g1,Reactive Power,Tau 1,0.05036827207918643,-0.2807346841849967,0.34447571709467745,0.8852570768386039
load03,g1,Reactive Power,Tau 1,0.01975769540376818,0.006268378552490601,0.021922152957271894,-3.129640399333292
load03,g1,Reactive Power,Tau 0.1,0.6412057221557436,-0.3295431673239146,0.3537978127397855,-1.2187390973831358
load03,g1,Reactive Power,Tau 0.1,0.03195241860489729,-0.22042129586233156,0.37772403127290877,1.2268626539578726
load03,g1,Reactive Power,Tau 0.1,0.1366122570046362,-0.20699465584243437,0.052648103840500074,-0.31769055393733137
load03,g1,Reactive Power,Tau 0.1,0.013858749167674201,0.018447431962608247,0.01607522095401955,-1.7486641825006983
load03,g1,Reactive Power,Tau 0.01,0.6388119267243452,-0.3297836471539932,0.3518432361150553,-1.1683379892807393
load03,g1,Reactive Power,Tau 0.01,0.9758709850242723,-0.4634261693912745,0.02858468026095748,2.0039379077037776
load03,g1,Reactive Power,Tau 0.01,0.02713341808189002,-0.24336110890462567,0.5296109749192512,1.286035509036852
load03,g1,Reactive Power,Tau 0.01,0.1367160056356931,-0.17540483196862128,0.04017714318695573,-0.27405298316463805
load03,g1,Reactive Power,Tau 0.01,0.012613228875942977,0.016852249476241976,0.018447317242902057,-1.4430541813939857
load03,g2,Voltage,Order 4,0.6376827214801956,-0.32074760390981344,6.952242252073597e-05,1.8396222243945108
load03,g2,Voltage,Order 6,0.6380580512565589,-0.3430308063644101,7.485760708960349e-05,1.8586108363692977
load03,g2,Voltage,Order 6,0.10785990160210177,-0.48372925640896547,5.806771086945714e-05,2.212196024141171
load03,g2,Voltage,Order 6,0.00778483452501418,0.012167874878759928,4.693942562605567e-06,-0.11749847677547477
load03,g2,Voltage,Tau 1,0.6380580512565589,-0.3430308063644101,7.485760708960349e-05,1.8586108363692977
load03,g2,Voltage,Tau 1,0.10785990160210177,-0.48372925640896547,5.806771086945714e-05,2.212196024141171
load03,g2,Voltage,Tau 1,0.00778483452501418,0.012167874878759928,4.693942562605567e-06,-0.11749847677547477
load03,g2,Voltage,Tau 0.1,0.6380580512565589,-0.3430308063644101,7.485760708960349e-05,1.8586108363692977
load03,g2,Voltage,Tau 0.1,0.10785990160210177,-0.48372925640896547,5.806771086945714e-05,2.212196024141171
load03,g2,Voltage,Tau 0.1,0.00778483452501418,0.012167874878759928,4.693942562605567e-06,-0.11749847677547477
load03,g2,Voltage,Tau 0.01,0.6389879596538072,-0.329037141098324,7.158331879998168e-05,1.833264565077478
load03,g2,Voltage,Tau 0.01,1.004222262152733,-0.4936139642590998,7.917653430229376e-06,0.5267674686324292
load03,g2,Voltage,Tau 0.01,1.0980154498142918,-0.2967467691594434,3.872980632183009e-06,2.549853907065071
load03,g2,Voltage,Tau 0.01,0.09669180113265036,-0.28059587266886077,3.561043141087703e-05,2.1633585307338454
load03,g2,Voltage,Tau 0.01,0.13566111183729823,-0.16975536147230724,1.1424403318293133e-05,-2.9204314262681472
load03,g2,Current,Order 2,0.020764717349329546,-0.09432591898275747,0.0004439803828341051,-2.388606739989112
load03,g2,Current,Order 4,0.23100934112725624,-0.3076699229455973,0.0001543510453218962,1.0015968835133657
load03,g2,Current,Order 4,0.021275990958817204,-0.07278248815552235,0.00033879184891490085,-2.4481435005607652
load03,g2,Current,Order 6,0.6329963417627466,-0.41717552406373926,0.00029493288087903516,-0.8461235844162449
load03,g2,Current,Order 6,0.031064659248334223,-0.2590962603688621,0.0005451234806871462,2.689885848861162
load03,g2,Current,Order 6,0.007761944504397749,-0.006249411288401854,0.0001052814099245339,-0.027429867677821965
load03,g2,Current,Tau 1,0.020764717349329546,-0.09432591898275747,0.0004439803828341051,-2.388606739989112
load03,g2,Current,Tau 0.1,0.637937189223744,-0.33753024104213797,0.0002402646796013106,-1.005587851943607
load03,g2,Current,Tau 0.1,0.9742095962061742,-0.4296744608691007,0.00010386521063089953,-1.4378493364350375
load03,g2,Current,Tau 0.1,0.004332376575841193,-0.01190135611768817,0.00022601405678594982,0.6854335628066681
load03,g2,Current,Tau 0.01,0.6379444597424954,-0.3320418678513021,0.0002356971006745803,-1.0089694510813674
load03,g2,Current,Tau 0.01,0.9845789561314882,-0.4321227759151093,0.0001144776792721045,-1.6180964235657487
load03,g2,Current,Tau 0.01,1.0992013632589566,-0.20422503984155607,1.4784373985308497e-05,-0.17713014168585206
load03,g2,Current,Tau 0.01,0.004272164580031464,-0.011993195926404724,0.00022988579337511437,0.6978440027327354
load03,g2,Active Power,Order 2,0.020251035495525642,-0.09393370073383735,0.2610258599447206,-2.374578440738626
load03,g2,Active Power,Order 4,0.17704369803397152,-0.3754698135697518,0.14622434011823554,1.4079752924976976
load03,g2,Active Power,Order 4,0.020964106934169155,-0.05335596587205517,0.14425907885130526,-2.462690527454132
load03,g2,Active Power,Order 6,0.6384247392054556,-0.47292273500048126,0.16571935207829616,-0.7860717234169691
load03,g2,Active Power,Order 6,0.0281561855710196,-0.22745262683194717,0.2778198858635266,2.993422521977662
load03,g2,Active Power,Order 6,0.009359759577310247,-0.0038830754143300717,0.04936404234820487,-0.36936712427503376
load03,g2,Active Power,Tau 1,0.020251035495525642,-0.09393370073383735,0.2610258599447206,-2.374578440738626
load03,g2,Active Power,Tau 0.1,0.6364100075019782,-0.491728373543387,0.1733119724135022,-0.7822526591739074
load03,g2,Active Power,Tau 0.1,0.007207753102185905,-0.12819476699909396,0.9433449628894808,-1.824553270381221
load03,g2,Active Power,Tau 0.01,0.9826185407063001,-0.4391501834603618,0.0835601307573916,-1.5781237186118782
load03,g2,Active Power,Tau 0.01,0.6376748774770369,-0.3360673635685015,0.11828385550394287,-0.9453508533930486
load03,g2,Active Power,Tau 0.01,1.0963630032128997,-0.1852970032742236,0.008280555056721484,-0.016086036226392497
load03,g2,Active Power,Tau 0.01,0.0029435160499585154,-0.012507098086830076,0.20427698140672634,0.9667367392201072
load03,g2,Reactive Power,Order 2,0.018346375081351222,-0.1316860397435255,0.37241763815182816,-2.1907483217878787
load03,g2,Reactive Power,Order 4,0.04284495032320498,-0.6266760033826471,0.9000694576467438,1.7992146139866414
load03,g2,Reactive Power,Order 4,0.008583460681339044,-0.006523567148618849,0.050000374088183155,-0.1923598403743542
load03,g2,Reactive Power,Order 6,0.03780421848363199,-0.5433414945944721,0.7414289008575964,1.914804692094283
load03,g2,Reactive Power,Order 6,0.6354066490651976,-0.30072882641485743,0.036328020696107244,-0.6310616545331192
load03,g2,Reactive Power,Order 6,0.00664637953670552,-0.006826359079327763,0.06200246750202765,0.20791416402255355
load03,g2,Reactive Power,Tau 1,0.04284495032320498,-0.6266760033826471,0.9000694576467438,1.7992146139866414
load03,g2,Reactive Power,Tau 1,0.008583460681339044,-0.006523567148618849,0.050000374088183155,-0.1923598403743542
load03,g2,Reactive Power,Tau 0.1,0.03780421848363199,-0.5433414945944721,0.7414289008575964,1.914804692094283
load03,g2,Reactive Power,Tau 0.1,0.6354066490651976,-0.30072882641485743,0.036328020696107244,-0.6310616545331192
load03,g2,Reactive Power,Tau 0.1,0.00664637953670552,-0.006826359079327763,0.06200246750202765,0.20791416402255355
load03,g2,Reactive Power,Tau 0.01,0.6371871869210772,-0.2913022800344726,0.034936293949253676,-0.6500172729160076
load03,g2,Reactive Power,Tau 0.01,0.0860790186062398,-0.12201997152330746,0.011459671071570292,-2.772828123390078
load03,g3,Voltage,Order 2,0.6355159193218541,-0.3377080544855014,7.442912041608222e-05,1.8547395862584286
load03,g3,Voltage,Order 4,0.6387195371622192,-0.3305698050354658,7.274434411010295e-05,1.8238692269006507
load03,g3,Voltage,Order 4,0.08040816998095998,-0.11047924192536795,8.10713032261987e-06,-2.014553328302692
load03,g3,Voltage,Order 6,0.6392593672999298,-0.32392564256041495,7.116034928377632e-05,1.819867591927479
load03,g3,Voltage,Order 6,0.08837793817736457,-0.15862836087923687,1.1217219774546295e-05,-2.1374720208841254
load03,g3,Voltage,Order 6,0.022230580190827444,0.031230059497685494,3.919910342771834e-07,2.4102671303121737
load03,g3,Voltage,Tau 1,0.6355159193218541,-0.3377080544855014,7.442912041608222e-05,1.8547395862584286
load03,g3,Voltage,Tau 0.1,0.6387195371622192,-0.3305698050354658,7.274434411010295e-05,1.8238692269006507
load03,g3,Voltage,Tau 0.1,0.08040816998095998,-0.11047924192536795,8.10713032261987e-06,-2.014553328302692
load03,g3,Voltage,Tau 0.01,0.6389503395764059,-0.3316372509623565,7.302692300977893e-05,1.8225426637394948
load03,g3,Voltage,Tau 0.01,0.9962422546103389,-0.20137619542432753,2.3665539041686705e-06,0.885053866840628
load03,g3,Voltage,Tau 0.01,0.15054934759698715,-0.19574996924087876,8.507780431744164e-06,2.3579546301826833
load03,g3,Voltage,Tau 0.01,0.05272358882514443,-0.16444815339541932,8.749201127817123e-06,-0.908992854197261
load03,g3,Voltage,Tau 0.01,0.019604209151779538,0.035927616795364874,3.717905131180707e-07,3.0306626867605133
load03,g3,Current,Order 2,0.021333216765593306,-0.0852101631182377,0.00034349007866649027,-2.4458757093580306
load03,g3,Current,Order 4,0.5137505791591594,-0.3068697241571023,0.000205110854013767,0.005327457243172596
load03,g3,Current,Order 4,0.020041834502451446,-0.09719292619578784,0.0004008125354828841,-2.3630249798191456
load03,g3,Current,Order 6,0.6331591361000372,-0.39270781506888625,0.0003126573885938513,-0.8791987267061412
load03,g3,Current,Order 6,0.030602866948294838,-0.2530256165526588,0.0004819201180037626,2.6207111551482267
load03,g3,Current,Order 6,0.007624925126388221,-0.00686724505397379,9.632064308666695e-05,0.0011396958398917961
load03,g3,Current,Tau 1,0.6322473492711577,-0.41044610656943287,0.000328375070539399,-0.8811474830153027
load03,g3,Current,Tau 1,0.013272345822403196,-0.1201575369245832,0.0007342971562550442,-2.06115887234282
load03,g3,Current,Tau 0.1,0.6378897934799723,-0.3373905214907629,0.00027076813285566896,-1.0178078974848956
load03,g3,Current,Tau 0.1,0.9735064719505504,-0.4375903279839595,9.325676838544013e-05,-1.4242433696304415
load03,g3,Current,Tau 0.1,0.017954885284303772,-0.3628913117717976,0.0011552117081592142,2.000215358932905
load03,g3,Current,Tau 0.1,0.004650201917915772,-0.012334265629122626,0.00018905210190971186,0.6203660485333857
load03,g3,Current,Tau 0.01,0.6378947787544591,-0.3333284235569832,0.0002669233569172142,-1.0203186722608044
load03,g3,Current,Tau 0.01,0.9837446661629282,-0.4354462310450126,0.00010139800371667394,-1.6078940452022805
load03,g3,Current,Tau 0.01,0.018033678757845874,-0.361787468094829,0.0011407832657534525,2.006898830963351
load03,g3,Current,Tau 0.01,1.1042978223146043,-0.21944017973428356,1.3524272896030365e-05,-0.25512666271758555
load03,g3,Current,Tau 0.01,0.004677239603373019,-0.012332435230784587,0.0001879990747768866,0.6148447636270882
load03,g3,Active Power,Order 2,0.02043492519994311,-0.09273112635110861,0.2854838697701131,-2.3850927909575743
load03,g3,Active Power,Order 4,0.24532356523568774,-0.32442967044427307,0.10536851910673642,1.0045721163191939
load03,g3,Active Power,Order 4,0.021041263843023083,-0.07158046448624689,0.21732038257997,-2.4485993121123344
load03,g3,Active Power,Order 6,0.6343398741394101,-0.431185327473263,0.19636310013862995,-0.7910332302843291
load03,g3,Active Power,Order 6,0.030628303181417977,-0.24514316609274617,0.31678112527776847,2.8408070875283937
load03,g3,Active Power,Order 6,0.00962640876318276,-0.004332561534185842,0.055287350357815054,-0.4268079903469233
load03,g3,Active Power,Tau 1,0.6329125123728623,-0.45036852266508187,0.20613318316975343,-0.7911355099328643
load03,g3,Active Power,Tau 1,0.007903602729449991,-0.12779999033711037,0.9590128546338946,-1.85009721385192
load03,g3,Active Power,Tau 0.1,0.6329125123728623,-0.45036852266508187,0.20613318316975343,-0.7911355099328643
load03,g3,Active Power,Tau 0.1,0.007903602729449991,-0.12779999033711037,0.9590128546338946,-1.85009721385192
load03,g3,Active Power,Tau 0.01,0.6376865128001005,-0.3364377848493748,0.1537733763134403,-0.9531167969989371
load03,g3,Active Power,Tau 0.01,0.9819351911999242,-0.443305218689278,0.08342091152510525,-1.5586719186100222
load03,g3,Active Power,Tau 0.01,1.1016495229387853,-0.19805685206290208,0.00815858766536621,-0.06148299293597247
load03,g3,Active Power,Tau 0.01,0.002887722507071821,-0.012968736476506476,0.2349318519465196,0.9788537261493809
load03,g3,Reactive Power,Order 2,0.021393769008600474,-0.07282810548875915,0.07626594413298758,-2.5139998926540676
load03,g3,Reactive Power,Order 4,0.25481133980075005,-0.29519638050892844,0.03071817707144554,0.561264178329804
load03,g3,Reactive Power,Order 4,0.021358187395101876,-0.0634798412785966,0.06829442057616412,-2.5305189297316755
load03,g3,Reactive Power,Order 6,0.6383362130532043,-0.31947771450483686,0.052682759406929104,-0.7355905130559723
load03,g3,Reactive Power,Order 6,0.00765353522688697,-0.128634948490332,0.37327395122430795,-1.8697957133372134
load03,g3,Reactive Power,Tau 1,0.6383362130532043,-0.31947771450483686,0.052682759406929104,-0.7355905130559723
load03,g3,Reactive Power,Tau 1,0.00765353522688697,-0.128634948490332,0.37327395122430795,-1.8697957133372134
load03,g3,Reactive Power,Tau 0.1,0.6383362130532043,-0.31947771450483686,0.052682759406929104,-0.7355905130559723
load03,g3,Reactive Power,Tau 0.1,0.00765353522688697,-0.128634948490332,0.37327395122430795,-1.8697957133372134
load03,g3,Reactive Power,Tau 0.01,0.6412691551304249,-0.2955138455109466,0.04875966514268637,-0.7831582311021273
load03,g3,Reactive Power,Tau 0.01,0.016638959153602376,-0.12331499737070599,0.1458225266028878,-2.2692160594891497
load03,g3,Reactive Power,Tau 0.01,0.013004118479039638,0.04410127085750857,0.001552970183652649,-0.9628402872426195
load03,g4,Voltage,Order 4,0.6209122521973588,-0.39333401472243185,8.235355429556155e-05,1.833439378704834
load03,g4,Voltage,Order 4,0.012248826232800387,-0.1451624406915803,0.00014402890845252196,-1.952296085196357
load03,g4,Voltage,Order 6,0.641861785839176,-0.3310514704521871,7.069364456445069e-05,1.6466099565556507
load03,g4,Voltage,Order 6,0.01066837977706526,-0.042309182710086414,2.3439308591226883e-05,-1.3762303626186374
load03,g4,Voltage,Tau 1,0.6412168210625712,-0.33525883914268895,7.165530850923894e-05,1.6558369249406426
load03,g4,Voltage,Tau 1,0.007886525029079838,0.003506174485046271,1.120249397119145e-05,-0.10752907370031413
load03,g4,Voltage,Tau 0.1,0.6412168210625712,-0.33525883914268895,7.165530850923894e-05,1.6558369249406426
load03,g4,Voltage,Tau 0.1,0.007886525029079838,0.003506174485046271,1.120249397119145e-05,-0.10752907370031413
load03,g4,Voltage,Tau 0.01,0.6412168210625712,-0.33525883914268895,7.165530850923894e-05,1.6558369249406426
load03,g4,Voltage,Tau 0.01,0.007886525029079838,0.003506174485046271,1.120249397119145e-05,-0.10752907370031413
load03,g4,Current,Order 2,0.021213381486879627,-0.0831452824738012,0.0003608301263432837,-2.453171128388131
load03,g4,Current,Order 4,0.45718175556738305,-0.3023871081256873,0.00018746655024330422,0.169972278627218
load03,g4,Current,Order 4,0.020300744731355888,-0.09076053922646499,0.0003974486513589478,-2.3929304176786985
load03,g4,Current,Order 6,0.6294577810564042,-0.3625398810749471,0.0003015049050637474,-0.8348600951793662
load03,g4,Current,Order 6,0.006870896629095529,-0.00788053146765294,0.00012622498874678839,0.14573617618689266
load03,g4,Current,Tau 1,0.6267257421794803,-0.4183766643344892,0.0003510006355731084,-0.8337477106536496
load03,g4,Current,Tau 1,0.013762483172985581,-0.11681252655786024,0.0007349948157458288,-2.088413770945276
load03,g4,Current,Tau 0.1,0.638700915533294,-0.334296510960874,0.0002819733687827248,-1.0583775490178047
load03,g4,Current,Tau 0.1,0.9801035472580694,-0.714653638686854,0.00012127760973650476,-1.091243663703822
load03,g4,Current,Tau 0.1,0.0030310615329732617,-0.011722024798225842,0.000314218603238955,0.9466595618950441
load03,g4,Current,Tau 0.01,0.638700915533294,-0.334296510960874,0.0002819733687827248,-1.0583775490178047
load03,g4,Current,Tau 0.01,0.9801035472580694,-0.714653638686854,0.00012127760973650476,-1.091243663703822
load03,g4,Current,Tau 0.01,0.0030310615329732617,-0.011722024798225842,0.000314218603238955,0.9466595618950441
load03,g4,Active Power,Order 2,0.02033790402882475,-0.09139482029512559,0.3219647371499799,-2.3884852078507115
load03,g4,Active Power,Order 4,0.21498475327875266,-0.34401270675056494,0.14394278187984239,1.1639779040748366
load03,g4,Active Power,Order 4,0.021073699968885525,-0.06262052416114748,0.21755061818463164,-2.470813116626665
load03,g4,Active Power,Order 6,0.6276123681573924,-0.3884968801555722,0.19563608659432566,-0.6991630577448594
load03,g4,Active Power,Order 6,0.028469026998370606,-0.42080904620649395,0.808176841659991,1.9878178374215036
load03,g4,Active Power,Order 6,0.008406740677768774,-0.0053876202907597774,0.07732706149880199,-0.18227410981495132
load03,g4,Active Power,Tau 1,0.6252593954766181,-0.44237432256884335,0.22403472166202082,-0.7095414725813219
load03,g4,Active Power,Tau 1,0.009780702243018415,-0.12403365189606753,0.8520417322366128,-1.9239594058129348
load03,g4,Active Power,Tau 0.1,0.638523335700956,-0.341042767441759,0.17409678830285993,-0.9763236933393342
load03,g4,Active Power,Tau 0.1,0.9715312421573926,-0.679869019335714,0.09425577848726092,-1.0444983436901982
load03,g4,Active Power,Tau 0.1,0.002698505983387419,-0.01104640653699382,0.2737380361610567,1.0142649709461773
load03,g4,Active Power,Tau 0.01,0.638523335700956,-0.341042767441759,0.17409678830285993,-0.9763236933393342
load03,g4,Active Power,Tau 0.01,0.9715312421573926,-0.679869019335714,0.09425577848726092,-1.0444983436901982
load03,g4,Active Power,Tau 0.01,0.002698505983387419,-0.01104640653699382,0.2737380361610567,1.0142649709461773
load03,g4,Reactive Power,Order 2,0.01998614490243076,-0.0967364381684299,0.27673733404332634,-2.357600812088695
load03,g4,Reactive Power,Order 4,0.08990576650721749,-0.44478524778163375,0.38249460484463516,1.7760495575505857
load03,g4,Reactive Power,Order 4,0.016692414275073345,-0.011736728004281,0.051878516040508305,-1.8572254890005306
load03,g4,Reactive Power,Order 6,0.6334896135160418,-0.3368973549555683,0.09091765334891787,-0.7117943166822074
load03,g4,Reactive Power,Order 6,0.005545846659485198,-0.003564275043214681,0.08484200051347923,0.4087397496389436
load03,g4,Reactive Power,Tau 1,0.6334896135160418,-0.3368973549555683,0.09091765334891787,-0.7117943166822074
load03,g4,Reactive Power,Tau 1,0.005545846659485198,-0.003564275043214681,0.08484200051347923,0.4087397496389436
load03,g4,Reactive Power,Tau 0.1,0.6334896135160418,-0.3368973549555683,0.09091765334891787,-0.7117943166822074
load03,g4,Reactive Power,Tau 0.1,0.005545846659485198,-0.003564275043214681,0.08484200051347923,0.4087397496389436
load03,g4,Reactive Power,Tau 0.01,0.6334896135160418,-0.3368973549555683,0.09091765334891787,-0.7117943166822074
load03,g4,Reactive Power,Tau 0.01,0.005545846659485198,-0.003564275043214681,0.08484200051347923,0.4087397496389436
load03,g5,Voltage,Order 2,0.607330567480277,-0.4512224346649178,0.00010284037050415188,2.01151035756337
load03,g5,Voltage,Order 4,0.6394240367393702,-0.3329647598592923,7.481414563502352e-05,1.7559130791514526
load03,g5,Voltage,Order 4,0.12421047109306961,-0.5729373723522727,7.733137862995697e-05,-2.3009962272895153
load03,g5,Voltage,Order 6,0.6388604716308625,-0.3339468244006661,7.502672952306388e-05,1.7673914485788218
load03,g5,Voltage,Order 6,0.14158742418215595,-0.5629670613882483,6.698981769304117e-05,-2.4682485906170295
load03,g5,Voltage,Tau 1,0.6394240367393702,-0.3329647598592923,7.481414563502352e-05,1.7559130791514526
load03,g5,Voltage,Tau 1,0.12421047109306961,-0.5729373723522727,7.733137862995697e-05,-2.3009962272895153
load03,g5,Voltage,Tau 0.1,0.6394240367393702,-0.3329647598592923,7.481414563502352e-05,1.7559130791514526
load03,g5,Voltage,Tau 0.1,0.12421047109306961,-0.5729373723522727,7.733137862995697e-05,-2.3009962272895153
load03,g5,Voltage,Tau 0.01,0.6379361811644365,-0.3357138924530583,7.635352614053159e-05,1.788571190716774
load03,g5,Voltage,Tau 0.01,1.115666560324665,-0.4817981685600442,6.0728594164486616e-06,1.6494346377263072
load03,g5,Voltage,Tau 0.01,0.2874909312764267,-0.7817983929239004,2.0780785304630414e-05,2.378706355265793
load03,g5,Voltage,Tau 0.01,0.09168568760351702,-0.3776444593844668,4.22528882080695e-05,-2.3458645989451132
load03,g5,Voltage,Tau 0.01,0.1336278421607623,-0.21992582420215223,1.469394119161962e-05,-1.1851805414386714
load03,g5,Voltage,Tau 0.01,0.3379754890802493,-0.0008476621717874995,4.31710462980621e-08,1.2041252932291602
load03,g5,Voltage,Tau 0.01,0.01761687109410112,0.04450863237673699,8.918695691071862e-08,-2.51238964282287
load03,g5,Current,Order 2,0.022712157698199353,-0.06777749016710878,0.00021477889582098046,-2.579004965443406
load03,g5,Current,Order 4,0.6256067687276319,-0.392933029683684,0.00042047772910619593,-0.8063653156488776
load03,g5,Current,Order 4,0.019708457929577292,-0.10092989428402187,0.000355529096707511,-2.370737590157755
load03,g5,Current,Order 6,0.6322312457152266,-0.38733497812481377,0.00040934680037526367,-0.8605376192913153
load03,g5,Current,Order 6,0.04758391697160672,-0.274635017795296,0.00032165857357970733,2.393401149504156
load03,g5,Current,Order 6,0.014751582230352132,-0.010404158197208465,5.6963390252401754e-05,-1.45770185307656
load03,g5,Current,Tau 1,0.6312104453567154,-0.40952635641160057,0.00043609111951646394,-0.8642666767740194
load03,g5,Current,Tau 1,0.015514599107766515,-0.11328156384210832,0.0004838460113537015,-2.1729592315935
load03,g5,Current,Tau 0.1,0.6397871952121887,-0.3327606046237247,0.00035552388922386084,-1.0854873943281114
load03,g5,Current,Tau 0.1,0.9970670701956913,-0.7733162360781914,0.00021586091975630436,-1.3865505635801725
load03,g5,Current,Tau 0.1,0.0109074836485548,-0.12308587483955043,0.0007462620517402938,-1.9797370457211287
load03,g5,Current,Tau 0.01,0.6388714405247066,-0.3295513434315111,0.0003511808788750359,-1.0624440668089203
load03,g5,Current,Tau 0.01,1.004431349728675,-0.7513501463467014,0.00020602808170307651,-1.4362483687828058
load03,g5,Current,Tau 0.01,0.02550433187770133,-0.22726626008984172,0.00037995123381267745,2.8691601406523626
load03,g5,Current,Tau 0.01,0.007637377366448019,-0.008195011726893702,7.991081001278422e-05,0.005403224282508174
load03,g5,Active Power,Order 2,0.021519612006651857,-0.08208163404022058,0.18393157442899302,-2.466724495982927
load03,g5,Active Power,Order 4,0.5867392403878424,-0.3828269641137039,0.20737344694708956,-0.39243938317404475
load03,g5,Active Power,Order 4,0.019235030476041477,-0.10380986028479734,0.25310908710706903,-2.3260285172076527
load03,g5,Active Power,Order 6,0.6326441513394038,-0.41660321225049646,0.22239014126500437,-0.7785297609950517
load03,g5,Active Power,Order 6,0.0466019725580003,-0.28630002659618464,0.22728667389335822,2.4990781801447577
load03,g5,Active Power,Order 6,0.014149411994199466,-0.007349811885310163,0.03724094078760118,-1.3551228023100528
load03,g5,Active Power,Tau 1,0.6309696647557916,-0.4448112279353001,0.2395287056922106,-0.7817339221925327
load03,g5,Active Power,Tau 1,0.01053995216865636,-0.12500711420440283,0.5343366125819915,-1.9550825512096086
load03,g5,Active Power,Tau 0.1,0.9901820525187102,-0.7573732638797943,0.1371047087677125,-1.3462655199054459
load03,g5,Active Power,Tau 0.1,0.6405808109415967,-0.33826772149033996,0.18239487302955654,-1.0451955040890202
load03,g5,Active Power,Tau 0.01,0.9959272025845319,-0.7376206544431191,0.13138391817541223,-1.3889305904313765
load03,g5,Active Power,Tau 0.01,0.6395424509948094,-0.33407685116026536,0.17958783660027072,-1.019297397253108
load03,g5,Active Power,Tau 0.01,0.01844525505911505,-0.3067158329024727,0.40409650217885734,2.3856739280700823
load03,g5,Active Power,Tau 0.01,0.004323738515149525,-0.010753303096040043,0.10844381725243135,0.6826938721832174
load03,g5,Reactive Power,Order 2,0.029854470369190197,-0.10340099250783234,0.054548827181772064,0.5183114007705062
load03,g5,Reactive Power,Order 4,0.1077010693681111,-0.3312064876438707,0.10756254718769208,-1.4674752089062864
load03,g5,Reactive Power,Order 4,0.011795230379024612,0.0066445245718166355,0.007086319799890537,2.185091092277846
load03,g5,Reactive Power,Order 6,0.10989857786073715,-0.5095568683036985,0.18659510221399842,-1.6380807525449623
load03,g5,Reactive Power,Order 6,0.6218377822921676,-0.3283485397170526,0.028303465624647885,-0.5826159497862893
load03,g5,Reactive Power,Order 6,0.004386249810543843,0.009834508100933982,0.013609893942237552,-2.5150516110508407
load03,g5,Reactive Power,Tau 1,0.10989857786073715,-0.5095568683036985,0.18659510221399842,-1.6380807525449623
load03,g5,Reactive Power,Tau 1,0.6218377822921676,-0.3283485397170526,0.028303465624647885,-0.5826159497862893
load03,g5,Reactive Power,Tau 1,0.004386249810543843,0.009834508100933982,0.013609893942237552,-2.5150516110508407
load03,g5,Reactive Power,Tau 0.1,0.10989857786073715,-0.5095568683036985,0.18659510221399842,-1.6380807525449623
load03,g5,Reactive Power,Tau 0.1,0.6218377822921676,-0.3283485397170526,0.028303465624647885,-0.5826159497862893
load03,g5,Reactive Power,Tau 0.1,0.004386249810543843,0.009834508100933982,0.013609893942237552,-2.5150516110508407
load03,g5,Reactive Power,Tau 0.01,0.6337241825682247,-0.3599932365138329,0.030886726092338033,-0.7037337440838956
load03,g5,Reactive Power,Tau 0.01,0.13415088568295663,-0.37413138307919414,0.1337295626491112,-1.3964505956571094
load03,g5,Reactive Power,Tau 0.01,1.0093016227236908,-0.4709190790966816,0.006662177865016873,1.3569080586311313
load03,g5,Reactive Power,Tau 0.01,0.10047166550413768,-0.17475119135885822,0.039277829072453564,-2.6924686576455223
load03,g5,Reactive Power,Tau 0.01,0.00721992283558228,0.010032543609077613,0.008721677001240529,-3.1314237123887363
load03,g6,Voltage,Order 4,0.6185490768889143,-0.3283244338388378,7.317458047975521e-05,1.9742972415089495
load03,g6,Voltage,Order 4,0.008880763637159544,-0.19641831911913463,0.0004263732785018393,-1.8032521123543854
load03,g6,Voltage,Order 6,0.6385389047537562,-0.33003546786366383,7.625801606136257e-05,1.7831703979228517
load03,g6,Voltage,Order 6,0.047335545542088124,-0.2468233176598465,0.00010308432507285032,-2.8552718141946554
load03,g6,Voltage,Order 6,0.013284798103525163,0.005666398354120799,8.010310787665032e-06,-1.24154155912615
load03,g6,Voltage,Tau 0.1,0.6398657233941867,-0.32220724856502003,7.417695458705726e-05,1.7634211056639362
load03,g6,Voltage,Tau 0.1,0.07446477479316892,-0.11750283056272907,1.676651171275968e-05,2.803238414122497
load03,g6,Voltage,Tau 0.01,0.6391274778587175,-0.3268532146107281,7.543902886968524e-05,1.77888838197268
load03,g6,Voltage,Tau 0.01,0.061507675996915756,-0.3739292354399361,0.00012018815486748957,2.961447442877305
load03,g6,Voltage,Tau 0.01,0.1019367321341519,-0.11061103213028319,9.251794269861567e-06,0.3319574100314325
load03,g6,Voltage,Tau 0.01,0.008366743291355276,0.0026623143157818254,1.2172660310068613e-05,-0.18288766701396733
load03,g6,Current,Order 2,0.02189892197968266,-0.08246486300279696,0.00034396012213107064,-2.477718209994653
load03,g6,Current,Order 4,0.5902937513268752,-0.3617745227992122,0.0003666696890918823,-0.4902848461767126
load03,g6,Current,Order 4,0.019622871141497793,-0.10452305402159294,0.0004749973261232564,-2.337102151304443
load03,g6,Current,Order 6,0.6313587450970729,-0.3730283448600847,0.00037657395546751603,-0.8496881300750021
load03,g6,Current,Order 6,0.03499091132402555,-0.4141198565877159,0.0009412367564648566,1.9942669946794052
load03,g6,Current,Order 6,0.008921996446918386,-0.007710500969778925,9.442578421896989e-05,-0.27318308617373266
load03,g6,Current,Tau 1,0.6293879085101138,-0.41581474519865,0.00042305012274985136,-0.8514689651440968
load03,g6,Current,Tau 1,0.013887557718515617,-0.12180074393337512,0.0007580531244278236,-2.0833946646736545
load03,g6,Current,Tau 0.1,0.6385744332256819,-0.3309674839978615,0.0003368812856527654,-1.0329918993375804
load03,g6,Current,Tau 0.1,0.9945721488736964,-0.7084579152250542,0.00014491944764902866,-1.308026356476885
load03,g6,Current,Tau 0.1,0.022226234775163556,-0.4323969351157153,0.0013861075842140403,1.905748001657127
load03,g6,Current,Tau 0.1,0.007025636100322194,-0.009434722141230614,0.00012231924598740776,0.12457458953477651
load03,g6,Current,Tau 0.01,0.6385744332256819,-0.3309674839978615,0.0003368812856527654,-1.0329918993375804
load03,g6,Current,Tau 0.01,0.9945721488736964,-0.7084579152250542,0.00014491944764902866,-1.308026356476885
load03,g6,Current,Tau 0.01,0.022226234775163556,-0.4323969351157153,0.0013861075842140403,1.905748001657127
load03,g6,Current,Tau 0.01,0.007025636100322194,-0.009434722141230614,0.00012231924598740776,0.12457458953477651
load03,g6,Active Power,Order 2,0.021194170673211034,-0.0852730583122092,0.25710549968882784,-2.4415099134768568
load03,g6,Active Power,Order 4,0.5519376343488246,-0.3494912022580033,0.21745473134383264,-0.11660309408392686
load03,g6,Active Power,Order 4,0.019504153607427244,-0.10072894284957547,0.31825033163955063,-2.336718905290441
load03,g6,Active Power,Order 6,0.6307124924704364,-0.3966264443405123,0.2585097988398705,-0.7440847518152705
load03,g6,Active Power,Order 6,0.042244961737973395,-0.32625587367557474,0.373029122243205,2.3504026413444072
load03,g6,Active Power,Order 6,0.011863474381540647,-0.0055766677811458915,0.05188376713259766,-0.8964578114401108
load03,g6,Active Power,Tau 1,0.629372627940437,-0.42839449358472986,0.2808605962129299,-0.751642035896079
load03,g6,Active Power,Tau 1,0.010360021640360411,-0.12475730815073852,0.7206853914832464,-1.9465702450724607
load03,g6,Active Power,Tau 0.1,0.6406100519047176,-0.3435474119617195,0.22720528396497966,-1.020087681419861
load03,g6,Active Power,Tau 0.1,0.9729679084015318,-0.72353404304375,0.13628120435462288,-1.1683558676089272
load03,g6,Active Power,Tau 0.01,0.6387963264977323,-0.3360706712438717,0.22095992556058305,-0.9755122591981438
load03,g6,Active Power,Tau 0.01,0.9847061408219113,-0.6815936460486867,0.1242585450464984,-1.2550507349181337
load03,g6,Active Power,Tau 0.01,0.0036634964312047377,-0.012082196389293266,0.1803552615781825,0.818631599255235
load03,g6,Reactive Power,Order 2,0.020567061145579008,-0.1255995793299063,0.5324005840595735,-2.273427914923927
load03,g6,Reactive Power,Order 4,0.07076190818800172,-0.47010137800255103,0.8011128535274314,1.9109969319195244
load03,g6,Reactive Power,Order 4,0.010117037926579536,-0.005679521473071254,0.06821790220758013,-0.517500214425977
load03,g6,Reactive Power,Order 6,0.6363152830263465,-0.3426374310439729,0.09974983828342034,-0.9108231339474064
load03,g6,Reactive Power,Order 6,0.06147409231539128,-0.30572127370050084,0.4813977528663606,2.3756254143123963
load03,g6,Reactive Power,Order 6,0.011632040834400843,-0.00402133993249973,0.05910354363456907,-0.837368601481962
load03,g6,Reactive Power,Tau 1,0.07076190818800172,-0.47010137800255103,0.8011128535274314,1.9109969319195244
load03,g6,Reactive Power,Tau 1,0.010117037926579536,-0.005679521473071254,0.06821790220758013,-0.517500214425977
load03,g6,Reactive Power,Tau 0.1,0.07076190818800172,-0.47010137800255103,0.8011128535274314,1.9109969319195244
load03,g6,Reactive Power,Tau 0.1,0.010117037926579536,-0.005679521473071254,0.06821790220758013,-0.517500214425977
load03,g6,Reactive Power,Tau 0.01,0.6388997058298884,-0.3361405764183132,0.0973030813721085,-0.9446880849713406
load03,g6,Reactive Power,Tau 0.01,0.02798466846134943,-0.5324035715418607,1.2824370954926283,1.8626992192244172
load03,g6,Reactive Power,Tau 0.01,0.08201821833983451,-0.155092340173426,0.06870898558068445,2.1361197525145013
load03,g6,Reactive Power,Tau 0.01,0.005289584905472178,-0.005678192554856343,0.11871442889962855,0.48201345581440547
load03,g7,Voltage,Order 2,0.4812911154667212,-0.31450538631104225,5.520827248859186e-05,2.687473792420659
load03,g7,Voltage,Order 4,0.6255561800671077,-0.4282679898942136,0.00010169193319726309,1.86898434616977
load03,g7,Voltage,Order 4,0.056814769878827415,-0.10214398592989678,1.65866346616929e-05,-1.418344372955985
load03,g7,Voltage,Order 6,0.6406398741563534,-0.3351451627612452,7.839918345288149e-05,1.7336128093676562
load03,g7,Voltage,Order 6,0.07677309572942306,-0.5023816426255474,9.785183073027732e-05,-1.986555240522807
load03,g7,Voltage,Order 6,0.018330305408998805,-0.041683747426413266,4.606292259567672e-06,1.2261235152683125
load03,g7,Voltage,Tau 1,0.6408962790471804,-0.3348768823667396,7.833227917885677e-05,1.7279981260733084
load03,g7,Voltage,Tau 1,0.054650702249066735,-0.5036285991228397,0.00015090942293403256,-1.775414645745239
load03,g7,Voltage,Tau 0.1,0.6406398741563534,-0.3351451627612452,7.839918345288149e-05,1.7336128093676562
load03,g7,Voltage,Tau 0.1,0.07677309572942306,-0.5023816426255474,9.785183073027732e-05,-1.986555240522807
load03,g7,Voltage,Tau 0.1,0.018330305408998805,-0.041683747426413266,4.606292259567672e-06,1.2261235152683125
load03,g7,Voltage,Tau 0.01,0.6400460256010406,-0.3363493668400383,7.876805306730663e-05,1.7463575283502881
load03,g7,Voltage,Tau 0.01,0.07659618316515678,-0.3101596099356252,6.169826063347756e-05,-2.349179822209885
load03,g7,Voltage,Tau 0.01,0.12612184088137013,-0.2844644314071177,2.7625835630551494e-05,-1.2781412575986313
load03,g7,Voltage,Tau 0.01,0.015194425591189177,-0.0317050727358563,3.5394926534713972e-06,1.717828439823232
load03,g7,Current,Order 2,0.02152595745385029,-0.07808366540068921,0.00029369937407900716,-2.4871467106775
load03,g7,Current,Order 4,0.5919354759928496,-0.35197354728017294,0.00030635887011879473,-0.47823212309584084
load03,g7,Current,Order 4,0.019779862352488808,-0.09637331205241956,0.0003857025878763414,-2.371844452813273
load03,g7,Current,Order 6,0.6306605160614452,-0.3675236625161849,0.0003183445750998049,-0.8281440105419549
load03,g7,Current,Order 6,0.027905744409169493,-0.3898509503751808,0.0009012936228797017,1.9759725353622875
load03,g7,Current,Order 6,0.0077782466067557645,-0.007170964334302838,9.613333076066064e-05,-0.04468890557115899
load03,g7,Current,Tau 1,0.6294449197402406,-0.4029196170093773,0.0003507300775143828,-0.8346177689285222
load03,g7,Current,Tau 1,0.014465461732342668,-0.11353046974916858,0.0005937482976381804,-2.1252011264283523
load03,g7,Current,Tau 0.1,0.6388114798812414,-0.33352481343448676,0.00029188764950747,-1.0313014851950992
load03,g7,Current,Tau 0.1,0.992989666833164,-0.7229844280608091,0.00012583723200381114,-1.1891228017807973
load03,g7,Current,Tau 0.1,0.002443633256675562,-0.012910577007574682,0.00035313752773716143,1.0688834950025279
load03,g7,Current,Tau 0.01,0.6388114798812414,-0.33352481343448676,0.00029188764950747,-1.0313014851950992
load03,g7,Current,Tau 0.01,0.992989666833164,-0.7229844280608091,0.00012583723200381114,-1.1891228017807973
load03,g7,Current,Tau 0.01,0.002443633256675562,-0.012910577007574682,0.00035313752773716143,1.0688834950025279
load03,g7,Active Power,Order 2,0.020543631797073435,-0.08998203952292362,0.26803051361443053,-2.4007352738114367
load03,g7,Active Power,Order 4,0.32931515041899123,-0.31202352172918535,0.0994847595910891,0.6551196179656938
load03,g7,Active Power,Order 4,0.020644431198466377,-0.0817568412986444,0.24195138034288957,-2.417628261495848
load03,g7,Active Power,Order 6,0.6297307943326416,-0.3882748242379366,0.19353249635562558,-0.7127229752026412
load03,g7,Active Power,Order 6,0.03365058588832036,-0.37713096300200866,0.5053591137079316,2.1530920790778496
load03,g7,Active Power,Order 6,0.009152856643458163,-0.005025570468943233,0.060291649139815565,-0.33825699646623797
load03,g7,Active Power,Tau 1,0.6282959562368318,-0.42813249548135746,0.21442088211133384,-0.7237695535024109
load03,g7,Active Power,Tau 1,0.009481371488605382,-0.12487238881041185,0.7554656265898685,-1.91254959169828
load03,g7,Active Power,Tau 0.1,0.6416578844777358,-0.34618691402258933,0.17584229950224023,-1.0228391104829349
load03,g7,Active Power,Tau 0.1,0.9639339735954899,-0.7678034153466998,0.1048028179807387,-1.023731209550646
load03,g7,Active Power,Tau 0.01,0.6387943658168495,-0.336320607522516,0.16915577863213974,-0.952630197032419
load03,g7,Active Power,Tau 0.01,0.9853881394995239,-0.694047948119417,0.08977012994108632,-1.1618635620047233
load03,g7,Active Power,Tau 0.01,0.003181151143829758,-0.011038061223029142,0.1968234405324474,0.9152447086845945
load03,g7,Reactive Power,Order 2,0.03235740446182313,-0.14675390648100775,0.10486089375163568,0.6533383876174187
load03,g7,Reactive Power,Order 4,0.5425264692780777,-0.19872966425808894,0.038583159878573824,0.2924106629576678
load03,g7,Reactive Power,Order 4,0.03320069472706857,-0.14005585041526622,0.1001731208614482,0.6143484146416719
load03,g7,Reactive Power,Order 6,0.6281840457214007,-0.3023285858753513,0.06881046776296819,-0.7356857671543207
load03,g7,Reactive Power,Order 6,0.08081548127018787,-0.26776945270803504,0.11768897595434975,-1.0630237080601295
load03,g7,Reactive Power,Tau 1,0.6281840457214007,-0.3023285858753513,0.06881046776296819,-0.7356857671543207
load03,g7,Reactive Power,Tau 1,0.08081548127018787,-0.26776945270803504,0.11768897595434975,-1.0630237080601295
load03,g7,Reactive Power,Tau 0.1,0.631641999549476,-0.32410745038847605,0.0736087535689696,-0.7905637329983232
load03,g7,Reactive Power,Tau 0.1,0.07668271330935092,-0.19922127805212894,0.08181477486687927,-1.0048084714494196
load03,g7,Reactive Power,Tau 0.1,0.156066846487631,-0.22054873818728782,0.022714540902738577,-1.576921797876108
load03,g7,Reactive Power,Tau 0.01,0.637143386811171,-0.33169374378357236,0.07624412181164258,-0.9160602176414667
load03,g7,Reactive Power,Tau 0.01,1.0438227415459667,-0.6895497825112787,0.01831961917919662,-0.8955864643881718
load03,g7,Reactive Power,Tau 0.01,0.07898243745177315,-0.233044901181733,0.12546316542254068,-1.1607609105512933
load03,g7,Reactive Power,Tau 0.01,0.13379215569863903,-0.21946814025997538,0.033144450723560086,-0.5002881480071292
load03,g7,Reactive Power,Tau 0.01,0.0035040073671060426,0.010333776387455218,0.01737183585243441,-2.3148717496840154
load03,g8,Voltage,Order 4,0.016862550501908224,-0.06334714692749992,3.942045604881575e-05,-1.3937001078027276
load03,g8,Voltage,Order 6,0.6474075788682835,-0.28908954542645127,4.703028465371139e-05,1.4791658229139197
load03,g8,Voltage,Order 6,0.03725501943363174,-0.18416766781026755,0.00010997746718790156,-2.5360977045791318
load03,g8,Voltage,Order 6,0.017778959027603947,0.010829377839407264,5.77015719040628e-06,-2.265839085718623
load03,g8,Voltage,Tau 0.1,0.6474075788682835,-0.28908954542645127,4.703028465371139e-05,1.4791658229139197
load03,g8,Voltage,Tau 0.1,0.03725501943363174,-0.18416766781026755,0.00010997746718790156,-2.5360977045791318
load03,g8,Voltage,Tau 0.1,0.017778959027603947,0.010829377839407264,5.77015719040628e-06,-2.265839085718623
load03,g8,Voltage,Tau 0.01,0.6398035134366,-0.3252138904049524,5.1403722673787114e-05,1.6869213228135753
load03,g8,Voltage,Tau 0.01,0.9732810363745893,-0.4918384423934373,1.7326201707894877e-05,-1.4896368428642337
load03,g8,Voltage,Tau 0.01,0.13459126179665304,-0.1743226405978162,2.0248644900254174e-05,2.7904587291389498
load03,g8,Voltage,Tau 0.01,0.06817081719024992,-0.12008664203308884,3.046834216440041e-05,2.4645715716843735
load03,g8,Current,Order 2,0.02007457641121186,-0.0881277035050961,0.0003422466542668627,-2.3926377896245374
load03,g8,Current,Order 4,0.17046485773441228,-0.17423685446593457,5.4040216546687826e-05,1.4487603741744717
load03,g8,Current,Order 4,0.021015229414392027,-0.06399211008037296,0.0002499590955704973,-2.486384067604911
load03,g8,Current,Order 6,0.6735870451668055,-0.23278525070884395,0.00011617457553560653,-1.6002338865129453
load03,g8,Current,Order 6,0.0098749939414515,-0.006504303786274211,7.92174252644781e-05,-0.49600935772817834
load03,g8,Current,Tau 1,0.02081974517780319,-0.09123782763607174,0.00034455472434995654,-2.411563852917043
load03,g8,Current,Tau 0.1,0.64286501203778,-0.3704920559694192,0.00018493729303021032,-1.1445573261190163
load03,g8,Current,Tau 0.1,1.1499178225319089,-0.5525500194436445,8.76479064818645e-05,0.9128806916017964
load03,g8,Current,Tau 0.1,0.01193456424046712,-0.11483140132120691,0.0006972760663576234,-2.017953981828785
load03,g8,Current,Tau 0.01,0.6429076555040882,-0.359857346584373,0.00017951950877443363,-1.137482689290934
load03,g8,Current,Tau 0.01,1.1488646379489653,-0.5546581185968802,8.819434564173656e-05,0.941527007612039
load03,g8,Current,Tau 0.01,0.011330099992358416,-0.11359692499578103,0.0007177278278603984,-1.9923040109469006
load03,g8,Current,Tau 0.01,0.10628239907905171,-0.10633688111586212,9.76963068009846e-06,1.4108913873421582
load03,g8,Active Power,Order 2,0.019098111351808132,-0.10167462474252154,0.3418784199918191,-2.308878778714938
load03,g8,Active Power,Order 4,0.08039080306375213,-0.27442759141328615,0.2246067717578136,2.2022160361557543
load03,g8,Active Power,Order 4,0.018736473248746024,-0.020780554174677418,0.07549264553192654,-2.1936303784137845
load03,g8,Active Power,Order 6,0.6834073257374145,-0.22602183269085765,0.06123550140537586,-1.6064461105526837
load03,g8,Active Power,Order 6,0.008967557311282523,-0.0059592236071512525,0.06857991758099603,-0.3013773197167955
load03,g8,Active Power,Tau 1,0.6518627908431871,-0.3332876180707126,0.09532412992035186,-1.1599212321473322
load03,g8,Active Power,Tau 1,0.00308547346510834,-0.1295391914402153,2.5428668247370925,-1.6774422788573673
load03,g8,Active Power,Tau 0.1,0.6518627908431871,-0.3332876180707126,0.09532412992035186,-1.1599212321473322
load03,g8,Active Power,Tau 0.1,0.00308547346510834,-0.1295391914402153,2.5428668247370925,-1.6774422788573673
load03,g8,Active Power,Tau 0.01,1.3666444144857128,-0.9486694942711589,0.054780050882205965,-0.8448331233243322
load03,g8,Active Power,Tau 0.01,0.639766855752895,-0.34426632628595255,0.09498750424595297,-0.9759780689566304
load03,g8,Active Power,Tau 0.01,1.058816608905196,-0.6611296811852839,0.05728446571131681,2.047677300118394
load03,g8,Active Power,Tau 0.01,0.0029898516283189984,-0.01020433800312862,0.21860329487036972,0.9538015639602557
load03,g8,Reactive Power,Order 2,0.025600548430270178,-0.120667302204626,0.2768946102785652,-2.4279599135218817
load03,g8,Reactive Power,Order 4,0.0643950700602653,-0.20404019668904316,0.23990602522618398,2.4138718246590116
load03,g8,Reactive Power,Order 4,0.012158046003150416,-0.0028799924804434607,0.031495757259926635,-0.9490533489912867
load03,g8,Reactive Power,Order 6,0.6441673431297055,-0.31658668853290467,0.05047042197819882,-1.120954568721104
load03,g8,Reactive Power,Order 6,0.059710440544295446,-0.18095334351537068,0.2185929378653799,2.653920591951286
load03,g8,Reactive Power,Order 6,0.01395301078787872,-0.0030931288316775993,0.02968562000621363,-1.3199444484825122
load03,g8,Reactive Power,Tau 1,0.025600548430270178,-0.120667302204626,0.2768946102785652,-2.4279599135218817
load03,g8,Reactive Power,Tau 0.1,0.0643950700602653,-0.20404019668904316,0.23990602522618398,2.4138718246590116
load03,g8,Reactive Power,Tau 0.1,0.012158046003150416,-0.0028799924804434607,0.031495757259926635,-0.9490533489912867
load03,g8,Reactive Power,Tau 0.01,0.640143840823193,-0.33715832755611974,0.05223873377049285,-0.9914540520317807
load03,g8,Reactive Power,Tau 0.01,0.9867081739036972,-0.42019965052182556,0.01580079857458708,1.8062305286716125
load03,g8,Reactive Power,Tau 0.01,0.06917210750179541,-0.142165668305918,0.12590234842026565,2.2569141753191193
load03,g8,Reactive Power,Tau 0.01,0.12493928226718247,-0.3219072281619026,0.035618097062688724,2.2702386372238994
load03,g9,Voltage,Order 2,0.6735271147223925,-0.2921501559141811,0.00012824820840660601,1.2426758379545337
load03,g9,Voltage,Order 4,0.8688944985090367,-0.4458067844044286,0.00010105256139718912,-0.7300141303062049
load03,g9,Voltage,Order 4,0.5905816042561204,-0.4400811221870437,0.0001428971735376921,2.317877803187227
load03,g9,Voltage,Order 6,0.6394367666416327,-0.36081510848109727,0.0001470152368279719,1.741844315408925
load03,g9,Voltage,Order 6,0.9832559677638033,-0.4416251031662186,9.398892412582191e-05,-1.6740762720345745
load03,g9,Voltage,Order 6,0.12517463768529158,-0.3301271719978008,4.396911356622865e-05,-1.963618285561675
load03,g9,Voltage,Tau 1,0.6735271147223925,-0.2921501559141811,0.00012824820840660601,1.2426758379545337
load03,g9,Voltage,Tau 0.1,0.9855744457043464,-0.45973102403673266,9.845255429909993e-05,-1.6907603029960254
load03,g9,Voltage,Tau 0.1,0.638876857723942,-0.34643646522382643,0.00014114275889934164,1.7815000884005248
load03,g9,Voltage,Tau 0.1,0.24467405234147552,-0.7576228306695783,7.150850373802789e-05,2.69664426781027
load03,g9,Voltage,Tau 0.1,0.01284566646931898,-0.058231313761727604,3.884485764023187e-06,2.450596415838907
load03,g9,Voltage,Tau 0.01,0.9773305010535255,-0.5259369783000462,0.00011057998164928958,-1.5203640780552234
load03,g9,Voltage,Tau 0.01,0.6378937794430443,-0.3348287324107227,0.0001349910043544899,1.804000851775786
load03,g9,Voltage,Tau 0.01,0.2639188868190481,-0.7492228146429405,5.047174773010598e-05,2.7727039481083224
load03,g9,Voltage,Tau 0.01,1.114451360214446,-0.3598265124106835,1.1052022415856338e-05,1.9673319166506094
load03,g9,Voltage,Tau 0.01,0.13838855430154928,-0.18888639903825746,9.04432474320579e-06,-1.7779106402348481
load03,g9,Voltage,Tau 0.01,0.009433500084115433,-0.0767048969956254,1.0383322969296205e-05,3.1003289328845445
load03,g9,Current,Order 2,0.019585865949991243,-0.09897781139607523,0.0004748634009343035,-2.3328400822821873
load03,g9,Current,Order 4,0.7446738471512926,-0.24960412875290672,0.0002588301935142747,-2.421608335749905
load03,g9,Current,Order 4,0.0183707391146426,-0.11047135496618334,0.000561555859869784,-2.2676308680092565
load03,g9,Current,Order 6,0.8313639961680995,-0.3390914541857381,0.00031160397886433364,-3.1332452231402486
load03,g9,Current,Order 6,0.28179774032334065,-0.5637806972465677,0.00026004037513889885,1.0765806726584322
load03,g9,Current,Order 6,0.020997884484896992,-0.06408594352565479,0.0002974837669673392,-2.457544603267175
load03,g9,Current,Tau 1,0.019585865949991243,-0.09897781139607523,0.0004748634009343035,-2.3328400822821873
load03,g9,Current,Tau 0.1,0.9827438696069517,-0.45477103920416906,0.0003834119069276136,1.7116354542678534
load03,g9,Current,Tau 0.1,0.6411404423808909,-0.3441284383809528,0.00035243634513039705,-1.1669147631082262
load03,g9,Current,Tau 0.1,0.005319089240145154,-0.008592424599584278,0.0001699860022001603,0.4709768764270867
load03,g9,Current,Tau 0.01,0.9748541899973031,-0.5423875194125164,0.0004507938098632164,1.898842578540241
load03,g9,Current,Tau 0.01,0.638405223097911,-0.32799038805427844,0.0003306499778091194,-1.1070652631987143
load03,g9,Current,Tau 0.01,1.1073084942526108,-0.4223745880814973,5.893973876664607e-05,-0.9182742268586888
load03,g9,Current,Tau 0.01,0.0032224598655599453,-0.010705927584004226,0.0002982175429489148,0.9063624008939937
load03,g9,Active Power,Order 2,0.01857473906870117,-0.1060221067961683,0.5323397712305058,-2.276902311230246
load03,g9,Active Power,Order 4,0.7785753049204436,-0.22742903353979488,0.17035950954723725,-2.647593605560815
load03,g9,Active Power,Order 4,0.018102114400438622,-0.11028199655599129,0.568022231031695,-2.2531299983143827
load03,g9,Active Power,Order 6,0.858236085211517,-0.33427341755383294,0.24966904081786603,2.980022348697606
load03,g9,Active Power,Order 6,0.17647044531484446,-0.5962660271379244,0.40624682499625137,1.6158579698377515
load03,g9,Active Power,Order 6,0.020207925482312643,-0.0400058382450542,0.1884408653493222,-2.4108215136080626
load03,g9,Active Power,Tau 1,0.01857473906870117,-0.1060221067961683,0.5323397712305058,-2.276902311230246
load03,g9,Active Power,Tau 0.1,0.9845473816778817,-0.4510783702545433,0.3131117037857479,1.7327260116461372
load03,g9,Active Power,Tau 0.1,0.6417376840940863,-0.3588554462389753,0.26656987909127083,-1.0786378164962114
load03,g9,Active Power,Tau 0.01,0.9772847402390612,-0.5214772699860931,0.35688721279174546,1.8862017520452612
load03,g9,Active Power,Tau 0.01,0.638010869997355,-0.33801260846102626,0.2472192753248232,-0.993638936114779
load03,g9,Active Power,Tau 0.01,1.11370138778464,-0.34690610565184826,0.03238487710150341,-0.8936353251228021
load03,g9,Active Power,Tau 0.01,0.00128131520272461,-0.011013955615823159,0.7625900408624543,1.3066053679935288
load03,g9,Reactive Power,Order 2,0.02273498749871173,-0.052188815940282164,0.03923271971410934,-2.694822039882552
load03,g9,Reactive Power,Order 4,0.13561534366760622,-0.09768370716883566,0.018906236031622056,-0.9574767932049625
load03,g9,Reactive Power,Order 4,0.02139337506055217,-0.07119126813010257,0.055738907055172184,-2.567114271377657
load03,g9,Reactive Power,Order 6,0.510156515949105,-0.20637766594010917,0.019202940206780122,1.2487482720568879
load03,g9,Reactive Power,Order 6,0.1121405268873359,-0.08229839475882245,0.014166082263929786,-0.12825766003692815
load03,g9,Reactive Power,Order 6,0.02111843875940108,-0.0659494393588155,0.048721147260648044,-2.5426660756183184
load03,g9,Reactive Power,Tau 1,0.7640962666459968,-0.4693416309847374,0.04978057642384059,-1.0685878091977266
load03,g9,Reactive Power,Tau 1,0.16497108095919022,-0.36943134268560684,0.07963104428452651,-1.7091657894993877
load03,g9,Reactive Power,Tau 1,0.015258472219759973,-0.11254483676084731,0.12578233373337777,-2.230409467658292
load03,g9,Reactive Power,Tau 0.1,0.9770633083834466,-0.4200416500544079,0.03207144351207864,-2.4268186670365286
load03,g9,Reactive Power,Tau 0.1,0.6381710957356294,-0.3957710096067756,0.0393740454485343,-0.005158503183734242
load03,g9,Reactive Power,Tau 0.1,0.13763081049369055,-0.3256499855492589,0.09941903649341147,-1.0208551576578504
load03,g9,Reactive Power,Tau 0.1,0.08234290664476418,-0.14606172941877704,0.021933799025373648,-1.816195809786496
load03,g9,Reactive Power,Tau 0.01,0.9817891072241629,-0.4462461191836022,0.03408297246946522,-2.4998596737183694
load03,g9,Reactive Power,Tau 0.01,0.6341295863023744,-0.3531196951037851,0.03495084789635678,0.1357520963893388
load03,g9,Reactive Power,Tau 0.01,0.1282861116820829,-0.2400522407342707,0.06619969746225404,-0.21408821952209817
load03,g9,Reactive Power,Tau 0.01,0.05812121953888126,-0.236121070828201,0.1132749951537603,0.23263030624938366
load03,g9,Reactive Power,Tau 0.01,0.4079044324521967,-0.617116114611847,0.012810786986830618,0.8398056542458593
load03,g9,Reactive Power,Tau 0.01,0.006725407156037574,-0.009859923929035876,0.023921771821640174,0.1801435038531553
load03,g10,Voltage,Order 2,0.11649036375499541,-0.25650662831934173,7.418090727642167e-05,-2.9952250723122287
load03,g10,Voltage,Order 4,0.645058515371614,-0.2894417151442165,4.657957745891591e-05,1.6104523051021211
load03,g10,Voltage,Order 4,0.11849001825940875,-0.18550901572190948,5.3330924728065815e-05,-3.0897397344805633
load03,g10,Voltage,Order 6,0.6474614635888821,-0.31541145731111747,5.041785799753031e-05,1.6008388223036762
load03,g10,Voltage,Order 6,0.12913363099132297,-0.1965285151290778,5.346505242880147e-05,2.9011161571390667
load03,g10,Voltage,Tau 1,0.11649036375499541,-0.25650662831934173,7.418090727642167e-05,-2.9952250723122287
load03,g10,Voltage,Tau 0.1,0.63868044664573,-0.3339280556571419,5.2367262879493186e-05,1.7703466726337491
load03,g10,Voltage,Tau 0.1,0.9817776247967342,-0.4851162945961033,1.4592475600204993e-05,-1.57212241768967
load03,g10,Voltage,Tau 0.1,0.1283771441859473,-0.20047672510657322,5.493402594701207e-05,2.9305936432869975
load03,g10,Voltage,Tau 0.01,0.63868044664573,-0.3339280556571419,5.2367262879493186e-05,1.7703466726337491
load03,g10,Voltage,Tau 0.01,0.9817776247967342,-0.4851162945961033,1.4592475600204993e-05,-1.57212241768967
load03,g10,Voltage,Tau 0.01,0.1283771441859473,-0.20047672510657322,5.493402594701207e-05,2.9305936432869975
load03,g10,Current,Order 2,0.01879162241397082,-0.036987167418828626,0.0002546509215451059,-2.618420078074624
load03,g10,Current,Order 4,0.1599318858312269,-0.20688206435894554,0.00016996252681065303,1.8785947824623153
load03,g10,Current,Order 4,0.019078402912904913,-0.009191037195586093,0.000138557873350795,-2.711837513085353
load03,g10,Current,Order 6,0.6911317154062491,-0.3849321340978846,0.0002414485498532933,-1.537710983124479
load03,g10,Current,Order 6,0.01288321473626312,-0.027324076822823437,0.00021453630827296787,-2.1425398904366264
load03,g10,Current,Tau 1,0.6844237912712542,-0.32592451966171215,0.00020948486458158936,-1.512494346392759
load03,g10,Current,Tau 1,0.01230200618526384,0.025378475427454996,5.289480073133358e-05,-1.2990524159365848
load03,g10,Current,Tau 0.1,1.098009864488608,-0.44600808023058297,0.00014468034779758278,2.2006856027632407
load03,g10,Current,Tau 0.1,0.6417306662203229,-0.34319051175239457,0.0002112215082228903,-0.9341556623070361
load03,g10,Current,Tau 0.1,0.12289085315498592,-0.18251824926033902,6.423727931397711e-05,2.961546333650684
load03,g10,Current,Tau 0.1,0.005456724194651311,0.01887993424991804,0.00014576780435401974,0.29772590984444697
load03,g10,Current,Tau 0.01,1.097911305282157,-0.45082296658735643,0.00014658425394320498,2.203085951556576
load03,g10,Current,Tau 0.01,0.6416816429480676,-0.3395717320518126,0.00020856601584576012,-0.9307060103614276
load03,g10,Current,Tau 0.01,0.12387908429587549,-0.2083407401996873,7.686032740881746e-05,2.885327397933385
load03,g10,Current,Tau 0.01,0.014837870674468451,-0.11227292814880682,0.00033614681855672674,-2.666284807067993
load03,g10,Current,Tau 0.01,0.010601435745988624,0.03450812669921685,3.665211311207794e-05,-0.8642946203541209
load03,g10,Active Power,Order 2,0.01899453303891631,-0.02431696149724511,0.21627220230399985,-2.7156633876492404
load03,g10,Active Power,Order 4,0.0697897639944175,-0.16730317150129292,0.19138365148833547,2.2549434206897425
load03,g10,Active Power,Order 4,0.018551851016689404,0.01160913234750892,0.08003430529977139,-2.7174892272427638
load03,g10,Active Power,Order 6,0.8057827184050469,-0.34997530314083986,0.14304861121154439,-2.1012150852521505
load03,g10,Active Power,Order 6,0.008559134409496068,0.01758386656843918,0.12722246922651542,-0.5067516679626571
load03,g10,Active Power,Tau 1,0.007480686747794787,0.01982519672171835,0.12126751086660821,-0.19462723209615876
load03,g10,Active Power,Tau 0.1,0.007480686747794787,0.01982519672171835,0.12126751086660821,-0.19462723209615876
load03,g10,Active Power,Tau 0.01,0.007480686747794787,0.01982519672171835,0.12126751086660821,-0.19462723209615876
load03,g10,Reactive Power,Order 2,0.021134204211611832,-0.16129623279082614,0.31221701200644447,-2.206083300448302
load03,g10,Reactive Power,Order 4,0.15800952500494217,-0.21193844242779128,0.17677256832921548,2.0643207048040604
load03,g10,Reactive Power,Order 4,0.020248757171123642,-0.0480398890748359,0.07238160927039242,-2.2850376778646475
load03,g10,Reactive Power,Order 6,0.6431116362928545,-0.32725239635226083,0.14536988040404206,-1.2394202979359037
load03,g10,Reactive Power,Order 6,0.12291253176057212,-0.19169295053991392,0.17012261577642132,2.967149967993748
load03,g10,Reactive Power,Order 6,0.021620070141396924,-0.07018828669796294,0.11074019050031732,-2.4418164456908493
load03,g10,Reactive Power,Tau 1,0.021134204211611832,-0.16129623279082614,0.31221701200644447,-2.206083300448302
load03,g10,Reactive Power,Tau 0.1,0.64801491411479,-0.31661260226500504,0.13949088286961572,-1.2970199560310103
load03,g10,Reactive Power,Tau 0.1,0.12598123893008661,-0.22277909638206514,0.2024074751366803,2.8220342189063277
load03,g10,Reactive Power,Tau 0.1,0.04198148508833323,-0.06761718955607392,0.0438531929840602,2.5789968651843624
load03,g10,Reactive Power,Tau 0.1,0.01694589814106505,-0.007389906170884419,0.025003158027286188,-1.895431042027194
load03,g10,Reactive Power,Tau 0.01,0.6391226464549518,-0.33126729674862565,0.14415914643723368,-1.120014571609551
load03,g10,Reactive Power,Tau 0.01,0.9688809452856733,-0.46079686197208053,0.034828854186156534,1.9142471106411922
load03,g10,Reactive Power,Tau 0.01,0.13212364753367548,-0.21773458514962654,0.1732667222833604,2.6094610198259582
load03,g10,Reactive Power,Tau 0.01,0.06441617620802285,-0.11165337520341374,0.043297177237347356,0.016272320087471297
