ModeIndex,Multiplicity,RealPart,ImagPart,FrequencyHz,Damping,IsElectromechanical,DominantStateVariables,PhiParticipation,SpeedParticipation,PhiSpeedParticipation,OtherMachineStateParticipation,TotalMachineParticipation,PhiSpeedRatio,TotalSystemParticipation,SGMechanicalShare,SGMechanicalShareThreshold,ParticipatingGenerators,MainGenerators,SecondGeneratorRatioToTop,AllParticipatingGenerators,ParticipatingAreas,MainGeneratorAreas,TopGenerator,TopGeneratorParticipation,PrimaryGeneratorThresholdRatio
1,1,-0.030484534945610035,0.0,0.0,-0.030484534945610035,False,speed; psifd,0.0006314914091139869,0.0968469104470802,0.09747840185619419,0.005288953097857291,0.10276735495405148,0.9485346966434813,1.1749029686653822,0.08296719342442693,0.5,g1,g1; g10,0.0884922826638736,g1; g10; g9; g2; g6; g7; g8,area_1,area_1,g1,0.07191178875237633,0.1
2,1,-0.03333333333333151,0.0,0.0,-0.03333333333333151,False,,0.0,0.0,0.0,0.0,0.0,0.0,1.0,0.0,0.5,,,,,,,,0.0,0.1
3,1,-0.03333333333333151,0.0,0.0,-0.03333333333333151,False,,0.0,0.0,0.0,0.0,0.0,0.0,1.0,0.0,0.5,,,,,,,,0.0,0.1
4,1,-0.03333333333333151,0.0,0.0,-0.03333333333333151,False,,0.0,0.0,0.0,0.0,0.0,0.0,1.0,0.0,0.5,,,,,,,,0.0,0.1
5,1,-0.07449100746901532,0.07767884313209235,0.012362971858132423,-0.07449100746901532,False,speed; psifd,3.561349610627679e-07,0.00018626908245245223,0.000186625217413515,9.18877852365476e-05,0.0002785130026500626,0.670077215920867,2.3062194686443043,8.092257478132443e-05,0.5,g1; g2,g1; g2,,g1; g2; g9; g6; g10; g7; g8,area_1; area_2,area_1; area_2,g1,0.0001775933239506295,0.1
6,1,-0.07449100746901532,-0.07767884313209235,0.012362971858132423,-0.07449100746901532,False,speed; psifd,3.561349610627679e-07,0.00018626908245245223,0.000186625217413515,9.18877852365476e-05,0.0002785130026500626,0.670077215920867,2.3062194686443043,8.092257478132443e-05,0.5,g1; g2,g1; g2,,g1; g2; g9; g6; g10; g7; g8,area_1; area_2,area_1; area_2,g1,0.0001775933239506295,0.1
7,1,-0.07453952260490096,0.07774339139591772,0.012373245033388231,-0.07453952260490096,False,speed; psifd,3.9563884389329584e-09,2.4705199355756926e-06,2.4744763240146256e-06,5.051548382324086e-07,2.979631162247034e-06,0.8304639699594714,3.69251906523526,6.701323081339243e-07,0.5,g1; g6,g1; g6,,g1; g6; g10; g9; g2; g7; g8,area_1; area_3,area_1; area_3,g1,2.030208283272321e-06,0.1
8,1,-0.07453952260490096,-0.07774339139591772,0.012373245033388231,-0.07453952260490096,False,speed; psifd,3.9563884389329584e-09,2.4705199355756926e-06,2.4744763240146256e-06,5.051548382324086e-07,2.979631162247034e-06,0.8304639699594714,3.69251906523526,6.701323081339243e-07,0.5,g1; g6,g1; g6,,g1; g6; g10; g9; g2; g7; g8,area_1; area_3,area_1; area_3,g1,2.030208283272321e-06,0.1
9,1,-0.07481663886799739,0.07769732180836052,0.012365912830802296,-0.07481663886799739,False,speed; psifd,4.548979022710763e-06,0.0025369188949332234,0.002541467873955934,0.0006569862310886096,0.0031984541050445437,0.7945925720639784,3.9801013410359394,0.0006385435083656542,0.5,g1; g2; g6; g9; g7,g1; g2; g6; g9; g7,,g1; g2; g6; g9; g7; g10; g8,area_1; area_2; area_3,area_1; area_2; area_3,g1,0.002012916387317799,0.1
10,1,-0.07481663886799739,-0.07769732180836052,0.012365912830802296,-0.07481663886799739,False,speed; psifd,4.548979022710763e-06,0.0025369188949332234,0.002541467873955934,0.0006569862310886096,0.0031984541050445437,0.7945925720639784,3.9801013410359394,0.0006385435083656542,0.5,g1; g2; g6; g9; g7,g1; g2; g6; g9; g7,,g1; g2; g6; g9; g7; g10; g8,area_1; area_2; area_3,area_1; area_2; area_3,g1,0.002012916387317799,0.1
11,1,-0.1275823594160564,0.4304801251011694,0.0685130398126686,-0.1275823594160564,False,psifd; psi1d,0.002906320451215155,0.011362168662311328,0.014268489113526482,1.146334532051839,1.1606030211653655,0.01229403064899783,2.304175048137816,0.0061924501461197426,0.5,g8,g8; g10,0.05644414803080857,g8; g10; g6; g9; g1; g2; g7,area_1,area_1,g8,1.060577844653326,0.1
12,1,-0.1275823594160564,-0.4304801251011694,0.0685130398126686,-0.1275823594160564,False,psifd; psi1d,0.002906320451215155,0.011362168662311328,0.014268489113526482,1.146334532051839,1.1606030211653655,0.01229403064899783,2.304175048137816,0.0061924501461197426,0.5,g8,g8; g10,0.05644414803080857,g8; g10; g6; g9; g1; g2; g7,area_1,area_1,g8,1.060577844653326,0.1
13,1,-0.13987449502171212,0.0,0.0,-0.13987449502171212,False,psifd; speed,0.003183014277962218,0.8729765325676876,0.8761595468456498,1.04948343813591,1.9256429849815597,0.4549958396644537,2.5797963250439646,0.3396235347496738,0.5,g1,g1; g9,0.026980875405697262,g1; g9; g10; g6; g2; g7; g8,area_1,area_1,g1,1.69503176910674,0.1
14,1,-0.19753866324445382,6.980166108062324,1.1109279397006357,-0.19753866324445382,True,phi; speed,1.259266165445615,1.0080473114666195,2.2673134769122347,0.10109704863010816,2.368410525542343,0.9573143897395247,2.489831979491656,0.9106291089470012,0.5,g10,g10; g8,0.07537388734971452,g10; g8; g6; g7; g1; g9; g2,area_1,area_1,g10,1.8440286707040823,0.1
15,1,-0.19753866324445382,-6.980166108062324,1.1109279397006357,-0.19753866324445382,True,phi; speed,1.259266165445615,1.0080473114666195,2.2673134769122347,0.10109704863010816,2.368410525542343,0.9573143897395247,2.489831979491656,0.9106291089470012,0.5,g10,g10; g8,0.07537388734971452,g10; g8; g6; g7; g1; g9; g2,area_1,area_1,g10,1.8440286707040823,0.1
16,1,-0.20000000000000018,0.0,0.0,-0.20000000000000018,False,,0.0,0.0,0.0,0.0,0.0,0.0,1.0,0.0,0.5,,,,,,,,0.0,0.1
17,1,-0.20000000000000018,0.0,0.0,-0.20000000000000018,False,,0.0,0.0,0.0,0.0,0.0,0.0,0.9999999999999999,0.0,0.5,,,,,,,,0.0,0.1
18,1,-0.20000000000000018,0.0,0.0,-0.20000000000000018,False,,0.0,0.0,0.0,0.0,0.0,0.0,1.0,0.0,0.5,,,,,,,,0.0,0.1
19,1,-0.20080330872698562,0.0,0.0,-0.20080330872698562,False,psifd; psi1d,1.1833208898871356e-09,3.3106649611238336e-09,4.4939858510109694e-09,7.354892321710281e-06,7.359386307561292e-06,0.0006106468206993959,1.4706720734747714,3.0557361712818716e-09,0.5,g1,g1; g6,0.0021988600980320226,g1; g6; g2; g10; g7; g8; g9,area_1,area_1; area_3,g1,7.324179346788995e-06,0.1
20,1,-0.20080529050327386,0.0,0.0,-0.20080529050327386,False,psifd; psi1d,5.084305729248733e-11,8.210893601272765e-11,1.3295199330521499e-10,1.6739920058303853e-08,1.6872872051609066e-08,0.0078796302667711,1.9218520043044363,6.917910068383932e-11,0.5,g1; g6,g1; g6,,g1; g6; g7; g9; g8; g2; g10,area_1; area_3,area_1; area_3,g1,1.3098765734394398e-08,0.1
21,1,-0.20246284129884046,0.0,0.0,-0.20246284129884046,False,psifd; speed,2.9206070018315576e-05,0.01597403722029895,0.016003243290317264,0.2039307947658206,0.21993403805613787,0.07276383151857767,3.1233261308827767,0.005123782346031891,0.5,g1,g1; g10,0.009698769978661157,g1; g10; g9; g6; g2; g7; g8,area_1,area_1,g1,0.21005099751155823,0.1
22,1,-0.22759561396567202,0.49032447820406044,0.07803756442513052,-0.22759561396567202,False,psifd; speed,0.004093336582940913,0.05689320459424845,0.060986541177189366,1.2815047579929841,1.3424912991701734,0.04542788561451879,2.600256887051557,0.02345404466800289,0.5,g6; g7,g6; g7,,g6; g7; g2; g1; g10; g8; g9,area_3,area_3,g6,1.0625757814157892,0.1
23,1,-0.22759561396567202,-0.49032447820406044,0.07803756442513052,-0.22759561396567202,False,psifd; speed,0.004093336582940913,0.05689320459424845,0.060986541177189366,1.2815047579929841,1.3424912991701734,0.04542788561451879,2.600256887051557,0.02345404466800289,0.5,g6; g7,g6; g7,,g6; g7; g2; g1; g10; g8; g9,area_3,area_3,g6,1.0625757814157892,0.1
24,1,-0.24451158322102973,0.8566754761576167,0.13634413665608783,-0.24451158322102973,False,psifd; speed,0.008334224165886665,0.09447727863328648,0.10281150279917314,1.405541019638368,1.5083525224375411,0.06816145514380603,2.9575634887696554,0.03476223019034586,0.5,g10,g10; g7,0.09563426745220367,g10; g7; g2; g9; g8; g6; g1,area_1,area_1; area_3,g10,1.0145500841738055,0.1
25,1,-0.24451158322102973,-0.8566754761576167,0.13634413665608783,-0.24451158322102973,False,psifd; speed,0.008334224165886665,0.09447727863328648,0.10281150279917314,1.405541019638368,1.5083525224375411,0.06816145514380603,2.9575634887696554,0.03476223019034586,0.5,g10,g10; g7,0.09563426745220367,g10; g7; g2; g9; g8; g6; g1,area_1,area_1; area_3,g10,1.0145500841738055,0.1
26,1,-0.28272729878796965,0.0,0.0,-0.28272729878796965,False,speed; psifd,0.008852265156853919,1.5243666837245204,1.5332189488813743,0.7898184836567286,2.323037432538103,0.6600061313718095,4.1652351303274155,0.368099015039483,0.5,g1,g1; g10,0.07161717177563434,g1; g10; g6; g9; g7; g2; g8,area_1,area_1,g1,1.7239452930417813,0.1
27,1,-0.31146105423045783,0.6402273561155604,0.10189534842844662,-0.31146105423045783,False,psifd; speed,0.009404165656445014,0.09813835097312125,0.10754251662956626,1.485795775785614,1.5933382924151802,0.06749509325264094,3.1347244348309125,0.03430684861311171,0.5,g2; g10; g6; g7,g2; g10; g6; g7,,g2; g10; g6; g7; g1; g9; g8,area_2; area_1; area_3,area_2; area_1; area_3,g2,1.1018728545801972,0.1
28,1,-0.31146105423045783,-0.6402273561155604,0.10189534842844662,-0.31146105423045783,False,psifd; speed,0.009404165656445014,0.09813835097312125,0.10754251662956626,1.485795775785614,1.5933382924151802,0.06749509325264094,3.1347244348309125,0.03430684861311171,0.5,g2; g10; g6; g7,g2; g10; g6; g7,,g2; g10; g6; g7; g1; g9; g8,area_2; area_1; area_3,area_2; area_1; area_3,g2,1.1018728545801972,0.1
29,1,-0.40997296397731103,10.12864427478415,1.612023803151323,-0.40997296397731103,False,phi; speed,4.015163342906836e-05,3.849768237302432e-05,7.864931580209267e-05,8.198305392704254e-06,8.684762119479693e-05,0.9056012671398832,2.349889720287751,3.346936459318688e-05,0.5,g2; g1; g8; g6; g10; g7,g2; g1; g8; g6; g10; g7,,g2; g1; g8; g6; g10; g7; g9,area_2; area_1; area_3,area_2; area_1; area_3,g2,3.5427263450067424e-05,0.1
30,1,-0.40997296397731103,-10.12864427478415,1.612023803151323,-0.40997296397731103,False,phi; speed,4.015163342906836e-05,3.849768237302432e-05,7.864931580209267e-05,8.198305392704254e-06,8.684762119479693e-05,0.9056012671398832,2.349889720287751,3.346936459318688e-05,0.5,g2; g1; g8; g6; g10; g7,g2; g1; g8; g6; g10; g7,,g2; g1; g8; g6; g10; g7; g9,area_2; area_1; area_3,area_2; area_1; area_3,g2,3.5427263450067424e-05,0.1
31,1,-0.4100141203891968,10.129286631550729,1.6121260374059525,-0.4100141203891968,False,speed; phi,0.00021471113545931485,0.000396112282426807,0.0006108234178861219,0.00012355832698071059,0.0007343817448668325,0.8317519085348237,4.253993603369821,0.00014358823139796337,0.5,g6; g2; g8; g7; g1; g10; g9,g6; g2; g8; g7; g1; g10; g9,,g6; g2; g8; g7; g1; g10; g9,area_3; area_2; area_1,area_3; area_2; area_1,g6,0.00018793815056981862,0.1
32,1,-0.4100141203891968,-10.129286631550729,1.6121260374059525,-0.4100141203891968,False,speed; phi,0.00021471113545931485,0.000396112282426807,0.0006108234178861219,0.00012355832698071059,0.0007343817448668325,0.8317519085348237,4.253993603369821,0.00014358823139796337,0.5,g6; g2; g8; g7; g1; g10; g9,g6; g2; g8; g7; g1; g10; g9,,g6; g2; g8; g7; g1; g10; g9,area_3; area_2; area_1,area_3; area_2; area_1,g6,0.00018793815056981862,0.1
33,1,-0.41006240977487085,10.128382472002023,1.6119821359444324,-0.41006240977487085,False,speed; phi,2.863264385959964e-06,3.3949273464103165e-06,6.258191732370281e-06,1.3847250909450133e-06,7.642916823315294e-06,0.8188224308917238,3.6182733750132123,1.7296072141999024e-06,0.5,g6; g7; g8; g2; g10; g9,g6; g7; g8; g2; g10; g9,,g6; g7; g8; g2; g10; g9; g1,area_3; area_1; area_2,area_3; area_1; area_2,g6,2.588367033114112e-06,0.1
34,1,-0.41006240977487085,-10.128382472002023,1.6119821359444324,-0.41006240977487085,False,speed; phi,2.863264385959964e-06,3.3949273464103165e-06,6.258191732370281e-06,1.3847250909450133e-06,7.642916823315294e-06,0.8188224308917238,3.6182733750132123,1.7296072141999024e-06,0.5,g6; g7; g8; g2; g10; g9,g6; g7; g8; g2; g10; g9,,g6; g7; g8; g2; g10; g9; g1,area_3; area_1; area_2,area_3; area_1; area_2,g6,2.588367033114112e-06,0.1
35,1,-0.4211533774611744,6.9105415404319475,1.0998468456016253,-0.4211533774611744,True,phi; speed,1.8619193361295001,1.3960858201855122,3.2580051563150123,0.149596899744044,3.4076020560590563,0.9560990698787595,3.4523608485275026,0.9437035406378836,0.5,g2; g6; g7; g1; g10; g9,g2; g6; g7; g1; g10; g9,,g2; g6; g7; g1; g10; g9; g8,area_2; area_3; area_1,area_2; area_3; area_1,g2,1.1085703551903157,0.1
36,1,-0.4211533774611744,-6.9105415404319475,1.0998468456016253,-0.4211533774611744,True,phi; speed,1.8619193361295001,1.3960858201855122,3.2580051563150123,0.149596899744044,3.4076020560590563,0.9560990698787595,3.4523608485275026,0.9437035406378836,0.5,g2; g6; g7; g1; g10; g9,g2; g6; g7; g1; g10; g9,,g2; g6; g7; g1; g10; g9; g8,area_2; area_3; area_1,area_2; area_3; area_1,g2,1.1085703551903157,0.1
37,1,-0.45086384398010904,6.315277704959493,1.0051076637423435,-0.45086384398010904,True,phi; speed,1.1269015245218656,1.0747756715408534,2.201677196062719,0.13020881711650079,2.33188601317922,0.9441615857805252,2.418792525954298,0.9102381342914396,0.5,g9; g6,g9; g6,,g9; g6; g2; g7; g1; g8; g10,area_1; area_3,area_1; area_3,g9,1.719712642439197,0.1
38,1,-0.45086384398010904,-6.315277704959493,1.0051076637423435,-0.45086384398010904,True,phi; speed,1.1269015245218656,1.0747756715408534,2.201677196062719,0.13020881711650079,2.33188601317922,0.9441615857805252,2.418792525954298,0.9102381342914396,0.5,g9; g6,g9; g6,,g9; g6; g2; g7; g1; g8; g10,area_1; area_3,area_1; area_3,g9,1.719712642439197,0.1
39,1,-0.4544984408282152,3.9720847219989333,0.6321769178859271,-0.4544984408282152,True,speed; phi,1.3257899820996175,1.3469688531929853,2.672758835292603,0.3522136850304909,3.024972520323094,0.8835646662360849,3.39355548948859,0.7875983886432305,0.5,g1; g9; g6; g7,g1; g9; g6; g7,,g1; g9; g6; g7; g10; g2; g8,area_1; area_3,area_1; area_3,g1,1.5884309051948948,0.1
40,1,-0.4544984408282152,-3.9720847219989333,0.6321769178859271,-0.4544984408282152,True,speed; phi,1.3257899820996175,1.3469688531929853,2.672758835292603,0.3522136850304909,3.024972520323094,0.8835646662360849,3.39355548948859,0.7875983886432305,0.5,g1; g9; g6; g7,g1; g9; g6; g7,,g1; g9; g6; g7; g10; g2; g8,area_1; area_3,area_1; area_3,g1,1.5884309051948948,0.1
41,1,-0.697205457761477,8.938006089766763,1.422527850571843,-0.697205457761477,True,speed; phi,1.7411650209901415,1.7443422316545922,3.4855072526447337,0.2513501587992861,3.73685741144402,0.9327375569564058,3.7583114877421884,0.92741308537432,0.5,g7; g6,g7; g6,,g7; g6; g8; g10; g9; g1; g2,area_3,area_3,g7,2.0947107568094125,0.1
42,1,-0.697205457761477,-8.938006089766763,1.422527850571843,-0.697205457761477,True,speed; phi,1.7411650209901415,1.7443422316545922,3.4855072526447337,0.2513501587992861,3.73685741144402,0.9327375569564058,3.7583114877421884,0.92741308537432,0.5,g7; g6,g7; g6,,g7; g6; g8; g10; g9; g1; g2,area_3,area_3,g7,2.0947107568094125,0.1
43,1,-0.7066548813553508,8.847198923554672,1.4080754412010215,-0.7066548813553508,True,phi; speed,1.1663661052999363,1.148277901369327,2.3146440066692633,0.1725975840288161,2.4872415906980794,0.9306068277909529,2.5091466139015735,0.9224825659231326,0.5,g8,g8; g10,0.09179083587747676,g8; g10; g6; g7; g9; g1; g2,area_1,area_1,g8,2.0892073418798427,0.1
44,1,-0.7066548813553508,-8.847198923554672,1.4080754412010215,-0.7066548813553508,True,phi; speed,1.1663661052999363,1.148277901369327,2.3146440066692633,0.1725975840288161,2.4872415906980794,0.9306068277909529,2.5091466139015735,0.9224825659231326,0.5,g8,g8; g10,0.09179083587747676,g8; g10; g6; g7; g9; g1; g2,area_1,area_1,g8,2.0892073418798427,0.1
45,1,-0.8042326843188206,1.752727231408125,0.27895520277037544,-0.8042326843188206,False,psifd; speed,0.08752961146868672,0.17996859505823382,0.2674982065269205,1.3229417376018922,1.5904399441288126,0.16819132813810628,2.9282911669181053,0.09134959308313946,0.5,g9; g1; g7,g9; g1; g7,,g9; g1; g7; g10; g6; g8; g2,area_1; area_3,area_1; area_3,g9,1.1827752367286077,0.1
46,1,-0.8042326843188206,-1.752727231408125,0.27895520277037544,-0.8042326843188206,False,psifd; speed,0.08752961146868672,0.17996859505823382,0.2674982065269205,1.3229417376018922,1.5904399441288126,0.16819132813810628,2.9282911669181053,0.09134959308313946,0.5,g9; g1; g7,g9; g1; g7,,g9; g1; g7; g10; g6; g8; g2,area_1; area_3,area_1; area_3,g9,1.1827752367286077,0.1
47,1,-0.8304430596675139,0.03408084226237723,0.00542413451079251,-0.8304430596675139,False,psi2q; speed,0.07276186142242738,0.7696883200866236,0.8424501815090509,1.7267834946419045,2.5692336761509553,0.3278994002488518,11.677335861470937,0.0721440396596533,0.5,g1; g7; g9; g2; g6; g8; g10,g1; g7; g9; g2; g6; g8; g10,,g1; g7; g9; g2; g6; g8; g10,area_1; area_3; area_2,area_1; area_3; area_2,g1,0.8336399633566748,0.1
48,1,-0.8304430596675139,-0.03408084226237723,0.00542413451079251,-0.8304430596675139,False,psi2q; speed,0.07276186142242738,0.7696883200866236,0.8424501815090509,1.7267834946419045,2.5692336761509553,0.3278994002488518,11.677335861470937,0.0721440396596533,0.5,g1; g7; g9; g2; g6; g8; g10,g1; g7; g9; g2; g6; g8; g10,,g1; g7; g9; g2; g6; g8; g10,area_1; area_3; area_2,area_1; area_3; area_2,g1,0.8336399633566748,0.1
49,1,-0.8615035310128079,0.8118587136963288,0.12921132737699856,-0.8615035310128079,False,psifd; psi2q,0.014066776167990559,0.05117495883917923,0.06524173500716979,1.450030500979412,1.515272235986582,0.043056114576461836,2.9682683273415593,0.021979729529911333,0.5,g7; g6,g7; g6,,g7; g6; g9; g1; g2; g10; g8,area_3,area_3,g7,1.162269308393566,0.1
50,1,-0.8615035310128079,-0.8118587136963288,0.12921132737699856,-0.8615035310128079,False,psifd; psi2q,0.014066776167990559,0.05117495883917923,0.06524173500716979,1.450030500979412,1.515272235986582,0.043056114576461836,2.9682683273415593,0.021979729529911333,0.5,g7; g6,g7; g6,,g7; g6; g9; g1; g2; g10; g8,area_3,area_3,g7,1.162269308393566,0.1
51,1,-0.947399656652762,0.0,0.0,-0.947399656652762,False,psi2q; psifd,0.0053284325397166075,0.0038788538207067554,0.009207286360423363,1.528549765829141,1.5377570521895643,0.005987477896663452,2.302004479028827,0.003999682209266485,0.5,g2; g7,g2; g7,,g2; g7; g9; g1; g6; g8; g10,area_2; area_3,area_2; area_3,g2,1.0101251938372844,0.1
52,1,-0.9999999999986761,0.0,0.0,-0.9999999999986761,False,psi2q; psifd,1.2248944222786244e-13,4.935441533608779e-14,1.7184385756395023e-13,5.2521611055654466e-11,5.269345491321841e-11,0.0032611992864571564,2.363032692426715,7.272174359444654e-14,0.5,g9; g2; g7,g9; g2; g7,,g9; g2; g7; g6; g10; g1; g8,area_1; area_2; area_3,area_1; area_2; area_3,g9,2.783405805841366e-11,0.1
53,1,-0.9999999999998888,-9.967230977151747e-13,1.5863340789523626e-13,-0.9999999999998888,False,psi2q; psifd,1.5934742197400896e-13,1.0676834785426025e-12,1.2270309005166114e-12,3.021068457886403e-11,3.143771547938064e-11,0.03903053646889183,2.584782644616863,4.747133779592874e-13,0.5,g2; g7; g9,g2; g7; g9,,g2; g7; g9; g1; g8; g6; g10,area_2; area_3; area_1,area_2; area_3; area_1,g2,1.4455615614397245e-11,0.1
54,1,-0.9999999999998888,9.967230977151747e-13,1.5863340789523626e-13,-0.9999999999998888,False,psi2q; psifd,3.043378738253887e-14,2.7187963530491276e-13,3.023134226874516e-13,8.726900840908866e-12,9.029214263596318e-12,0.03348169772715536,3.2505061458529942,9.300503033139747e-14,0.5,g6; g7; g9; g2; g1,g6; g7; g9; g2; g1,,g6; g7; g9; g2; g1; g8; g10,area_3; area_1; area_2,area_3; area_1; area_2,g6,2.807480959526181e-12,0.1
55,1,-0.9999999999999457,0.0,0.0,-0.9999999999999457,False,psi2q; psifd,7.929016072971476e-15,1.4753547515892242e-14,2.2682563588863717e-14,6.534500511517204e-13,6.761326147405841e-13,0.03354750694516707,1.3852072294623883,1.637485215671812e-14,0.5,g2; g8,g2; g8,,g2; g8; g7; g9; g1; g6; g10,area_2; area_1,area_2; area_1,g2,4.64654617736708e-13,0.1
56,1,-1.0000000000002314,0.0,0.0,-1.0000000000002314,False,psi2q; psifd,8.554832129811592e-14,1.9120043528576085e-13,2.767487565838768e-13,1.737340022547411e-12,2.0140887791312878e-12,0.13740643384312157,2.5447606697970335,1.0875237104554507e-13,0.5,g2; g7; g9; g1; g6,g2; g7; g9; g1; g6,,g2; g7; g9; g1; g6; g8; g10,area_2; area_3; area_1,area_2; area_3; area_1,g2,1.1244692514579187e-12,0.1
57,1,-1.0377152558254037,0.0,0.0,-1.0377152558254037,False,psi2q; psifd,0.0037889980193657165,0.018305292835105753,0.02209429085447147,1.249555991863225,1.2716502827176965,0.01737450237281656,6.492712703891048,0.003402936778833673,0.5,g9; g7; g2,g9; g7; g2,,g9; g7; g2; g1; g8; g6; g10,area_1; area_3; area_2,area_1; area_3; area_2,g9,0.7795979837274254,0.1
58,1,-1.1938671433585553,0.0,0.0,-1.1938671433585553,False,psifd; psi2q,0.07971575684279912,0.00273414325302865,0.08244990009582777,0.23786166662817537,0.3203115667240031,0.25740531613980344,4.012959180871492,0.02054591048143235,0.5,g7; g9; g6; g2; g8,g7; g9; g6; g2; g8,,g7; g9; g6; g2; g8; g1; g10,area_3; area_1; area_2,area_3; area_1; area_2,g7,0.12448876561783814,0.1
59,1,-1.2250331287640073,0.0,0.0,-1.2250331287640073,False,psifd; psi2q,0.028156028828313927,0.00028243158719780067,0.028438460415511728,0.13095541974956132,0.15939388016507305,0.17841626282050485,2.012357356934348,0.014131913657142515,0.5,g7; g6,g7; g6,,g7; g6; g2; g9; g8; g10; g1,area_3,area_3,g7,0.1351053883947113,0.1
60,1,-1.232234226939215,0.03797573616296665,0.006044026127889789,-1.232234226939215,False,psifd; psi2q,0.05190818680594624,0.0013846629237813522,0.053292849729727594,0.6298108978351729,0.6831037475649004,0.07801574785631568,5.080237303655807,0.010490228417357068,0.5,g6; g7; g9,g6; g7; g9,,g6; g7; g9; g8; g2; g10; g1,area_3; area_1,area_3; area_1,g6,0.3099827605340538,0.1
61,1,-1.232234226939215,-0.03797573616296665,0.006044026127889789,-1.232234226939215,False,psifd; psi2q,0.05190818680594624,0.0013846629237813522,0.053292849729727594,0.6298108978351729,0.6831037475649004,0.07801574785631568,5.080237303655807,0.010490228417357068,0.5,g6; g7; g9,g6; g7; g9,,g6; g7; g9; g8; g2; g10; g1,area_3; area_1,area_3; area_1,g6,0.3099827605340538,0.1
62,1,-1.2443461509215075,0.0,0.0,-1.2443461509215075,False,psifd; psi2q,0.005799497364615983,6.130173049898811e-05,0.005860799095114971,0.15232520740102404,0.158186006496139,0.03705004775664541,2.162548418424967,0.0027101354333529904,0.5,g8; g6,g8; g6,,g8; g6; g9; g7; g10; g2; g1,area_1; area_3,area_1; area_3,g8,0.11684183745097818,0.1
63,1,-1.2915727111864446,0.0,0.0,-1.2915727111864446,False,psifd; psi2q,0.023032344880418915,0.0005275264268723803,0.023559871307291296,0.30577923239045784,0.32933910369774916,0.07153681734955275,3.158242276848537,0.0074598049301020045,0.5,g8; g9,g8; g9,,g8; g9; g6; g10; g7; g1; g2,area_1,area_1,g8,0.2294281173541264,0.1
64,1,-1.4943519388767594,0.0,0.0,-1.4943519388767594,False,psi2q; psifd,0.04986824294600361,0.02825552464210724,0.07812376758811085,1.2222157285806923,1.300339496168803,0.060079516017384156,2.1405758642902435,0.03649661237959186,0.5,g1; g9,g1; g9,,g1; g9; g10; g2; g8; g7; g6,area_1,area_1,g1,1.1544144766845563,0.1
65,1,-1.5200846685651275,0.11943876246927879,0.019009269443764472,-1.5200846685651275,False,psifd; psi2q,0.07141358961631208,0.008846501196703648,0.08026009081301573,0.8598768020421607,0.9401368928551764,0.08537064274678922,5.662263504865255,0.014174559475032007,0.5,g9,g9; g1,0.07416502344911728,g9; g1; g10; g7; g6; g8; g2,area_1,area_1,g9,0.8274473115127569,0.1
66,1,-1.5200846685651275,-0.11943876246927879,0.019009269443764472,-1.5200846685651275,False,psifd; psi2q,0.07141358961631208,0.008846501196703648,0.08026009081301573,0.8598768020421607,0.9401368928551764,0.08537064274678922,5.662263504865255,0.014174559475032007,0.5,g9,g9; g1,0.07416502344911728,g9; g1; g10; g7; g6; g8; g2,area_1,area_1,g9,0.8274473115127569,0.1
67,1,-1.5648980485453736,0.0,0.0,-1.5648980485453736,False,psifd; psi2q,0.03507775801697967,0.008685235296201022,0.04376299331318069,0.6401273275037853,0.683890320816966,0.0639912453518892,4.351644093866036,0.010056657293014349,0.5,g9; g10; g1,g9; g10; g1,,g9; g10; g1; g8; g7; g2; g6,area_1,area_1,g9,0.3817792567368068,0.1
68,1,-1.6763913301930673,0.09021293193797529,0.014357834048741485,-1.6763913301930673,False,psifd; phi,0.0607316239006956,0.0014866297944084834,0.06221825369510409,0.16286186288460014,0.22508011657970423,0.2764271435458924,4.967692491506542,0.012524578323131126,0.5,g7,g7; g6,0.08196672906171007,g7; g6; g9; g1; g2; g10; g8,area_3,area_3,g7,0.20088318562967017,0.1
69,1,-1.6763913301930673,-0.09021293193797529,0.014357834048741485,-1.6763913301930673,False,psifd; phi,0.0607316239006956,0.0014866297944084834,0.06221825369510409,0.16286186288460014,0.22508011657970423,0.2764271435458924,4.967692491506542,0.012524578323131126,0.5,g7,g7; g6,0.08196672906171007,g7; g6; g9; g1; g2; g10; g8,area_3,area_3,g7,0.20088318562967017,0.1
70,1,-1.6867554211312235,0.12055252432602512,0.019186530148692857,-1.6867554211312235,False,phi; psifd,0.09479515557515782,0.0039314695006665255,0.09872662507582435,0.029398837302911637,0.12812546237873598,0.7705464881288832,6.532856672746803,0.015112320692367766,0.5,g8; g2; g6,g8; g2; g6,,g8; g2; g6; g9; g1; g7; g10,area_1; area_2; area_3,area_1; area_2; area_3,g8,0.0858569612777111,0.1
71,1,-1.6867554211312235,-0.12055252432602512,0.019186530148692857,-1.6867554211312235,False,phi; psifd,0.09479515557515782,0.0039314695006665255,0.09872662507582435,0.029398837302911637,0.12812546237873598,0.7705464881288832,6.532856672746803,0.015112320692367766,0.5,g8; g2; g6,g8; g2; g6,,g8; g2; g6; g9; g1; g7; g10,area_1; area_2; area_3,area_1; area_2; area_3,g8,0.0858569612777111,0.1
72,1,-1.6886000331431208,0.12517837112290975,0.019922756532402858,-1.6886000331431208,False,phi; psi2q,0.10598712367833825,0.006038814444948226,0.11202593812328647,0.03230481829560032,0.1443307564188868,0.7761750918713194,7.209381798603008,0.015538910443749034,0.5,g6; g8; g7; g2; g1,g6; g8; g7; g2; g1,,g6; g8; g7; g2; g1; g9; g10,area_3; area_1; area_2,area_3; area_1; area_2,g6,0.08404280870506148,0.1
73,1,-1.6886000331431208,-0.12517837112290975,0.019922756532402858,-1.6886000331431208,False,phi; psi2q,0.10598712367833825,0.006038814444948226,0.11202593812328647,0.03230481829560032,0.1443307564188868,0.7761750918713194,7.209381798603008,0.015538910443749034,0.5,g6; g8; g7; g2; g1,g6; g8; g7; g2; g1,,g6; g8; g7; g2; g1; g9; g10,area_3; area_1; area_2,area_3; area_1; area_2,g6,0.08404280870506148,0.1
74,1,-1.6973099261184006,0.0,0.0,-1.6973099261184006,False,psifd; psi2q,0.015972960941970614,0.0038523729329014806,0.019825333874872095,0.9636239280666926,0.9834492619415647,0.020158979870229535,4.522331972747216,0.004383874070799063,0.5,g9,g9; g1,0.01938544938622263,g9; g1; g10; g8; g7; g2; g6,area_1,area_1,g9,0.9527538424648258,0.1
75,1,-1.7277590295428151,0.24398638196408412,0.03883163873669125,-1.7277590295428151,False,psi2q; speed,0.03687795523267415,0.15579800321814402,0.19267595845081817,0.4119808680457804,0.6046568264965986,0.31865340802846626,11.65068382400448,0.01653773815866828,0.5,g1; g9; g7,g1; g9; g7,,g1; g9; g7; g6; g2; g10; g8,area_1; area_3,area_1; area_3,g1,0.3701331701053259,0.1
76,1,-1.7277590295428151,-0.24398638196408412,0.03883163873669125,-1.7277590295428151,False,psi2q; speed,0.03687795523267415,0.15579800321814402,0.19267595845081817,0.4119808680457804,0.6046568264965986,0.31865340802846626,11.65068382400448,0.01653773815866828,0.5,g1; g9; g7,g1; g9; g7,,g1; g9; g7; g6; g2; g10; g8,area_1; area_3,area_1; area_3,g1,0.3701331701053259,0.1
77,1,-1.7819644167022155,0.0,0.0,-1.7819644167022155,False,psifd; psi2q,0.00018969861220639381,6.920401375571481e-05,0.0002589026259621086,0.004460884980709148,0.004719787606671256,0.05485471964801101,1.917794219518029,0.00013500021187214486,0.5,g9; g7; g6,g9; g7; g6,,g9; g7; g6; g1; g2; g10; g8,area_1; area_3,area_1; area_3,g9,0.0022425381797207635,0.1
78,1,-1.7830843619167973,0.0,0.0,-1.7830843619167973,False,psifd; psi2q,1.3362841668621074e-05,2.1810550921315786e-05,3.517339258993686e-05,0.00017948051137932515,0.00021465390396926203,0.16386094983380137,1.1890467103854676,2.9581169757859452e-05,0.5,g9; g2; g1; g7,g9; g2; g1; g7,,g9; g2; g1; g7; g6; g8; g10,area_1; area_2; area_3,area_1; area_2; area_3,g9,9.959944580074943e-05,0.1
79,1,-1.7832103909960202,0.0,0.0,-1.7832103909960202,False,psifd; psi2q,1.007483224692645e-06,6.761038177121794e-07,1.6835870424048242e-06,1.0131268029557379e-05,1.1814855071962203e-05,0.1424974772987389,1.7757612466312438,9.480931322263727e-07,0.5,g9; g7; g1,g9; g7; g1,,g9; g7; g1; g6; g2; g10; g8,area_1; area_3,area_1; area_3,g9,5.806144427116311e-06,0.1
80,1,-1.9999999999997793,-1.2569921354526429e-13,2.000565117849254e-14,-1.9999999999997793,False,psifd; phi,8.898981525176405e-14,4.746300799678412e-15,9.373611605144246e-14,1.5079431919226564e-13,2.445304352437081e-13,0.38333108088578655,3.242648960011172,2.8907266006098766e-14,0.5,g9; g7; g6,g9; g7; g6,,g9; g7; g6; g8; g1; g2,area_1; area_3,area_1; area_3,g9,9.81065287364936e-14,0.1
81,1,-1.9999999999997793,1.2569921354526429e-13,2.000565117849254e-14,-1.9999999999997793,False,psi2q; speed,6.49222036757843e-14,1.0778560209508779e-13,1.727078057708721e-13,2.362183503586515e-13,4.089261561295236e-13,0.42234472699312603,4.261121296380433,4.05310700536915e-14,0.5,g1; g6; g7; g9,g1; g6; g7; g9,,g1; g6; g7; g9; g10; g2; g8,area_1; area_3,area_1; area_3,g1,1.5322941148941865e-13,0.1
82,1,-1.9999999999997797,0.0,0.0,-1.9999999999997797,False,,0.0,0.0,0.0,0.0,0.0,0.0,1.0,0.0,0.5,,,,,,,,0.0,0.1
83,1,-1.9999999999997797,0.0,0.0,-1.9999999999997797,False,,0.0,0.0,0.0,0.0,0.0,0.0,1.0,0.0,0.5,,,,,,,,0.0,0.1
84,1,-1.9999999999997797,0.0,0.0,-1.9999999999997797,False,,0.0,0.0,0.0,0.0,0.0,0.0,1.0,0.0,0.5,,,,,,,,0.0,0.1
85,1,-1.999999999999968,0.0,0.0,-1.999999999999968,False,psifd; psi2q,2.058694357590201e-14,4.698583958861324e-15,2.5285527534763336e-14,1.1430325686586625e-13,1.395887844006296e-13,0.18114297393830797,3.581682664252626,7.0596783425645985e-15,0.5,g9; g6; g7,g9; g6; g7,,g9; g6; g7; g8; g1; g10,area_1; area_3,area_1; area_3,g9,7.141746411291546e-14,0.1
86,1,-2.0,0.0,0.0,-2.0,False,,0.0,0.0,0.0,0.0,0.0,0.0,1.0,0.0,0.5,,,,,,,,0.0,0.1
87,1,-2.0,0.0,0.0,-2.0,False,,0.0,0.0,0.0,0.0,0.0,0.0,1.0,0.0,0.5,,,,,,,,0.0,0.1
88,1,-2.0,0.0,0.0,-2.0,False,,0.0,0.0,0.0,0.0,0.0,0.0,0.9999999999999999,0.0,0.5,,,,,,,,0.0,0.1
89,1,-2.0000000000000226,0.0,0.0,-2.0000000000000226,False,phi; psi2q,3.5218707083002985e-14,4.870714599182496e-15,4.008942168218548e-14,4.673391073543012e-14,8.68233324176156e-14,0.4617355792030361,3.129641196266391,1.280959035496193e-14,0.5,g9; g6; g7; g8; g1,g9; g6; g7; g8; g1,,g9; g6; g7; g8; g1; g2; g10,area_1; area_3,area_1; area_3,g9,3.192142782421324e-14,0.1
90,1,-2.000000000001038,0.0,0.0,-2.000000000001038,False,phi; psifd,4.49223744694276e-14,8.43018746755661e-15,5.335256193698421e-14,2.4059335580867094e-14,7.74118975178513e-14,0.6892036450169824,2.096061814639078,2.5453715899199762e-14,0.5,g1; g7; g2; g10; g6,g1; g7; g2; g10; g6,,g1; g7; g2; g10; g6; g8; g9,area_1; area_3; area_2,area_1; area_3; area_2,g1,2.723021029891737e-14,0.1
91,1,-2.3287800563079855,0.0,0.0,-2.3287800563079855,False,phi; speed,0.0756286683329898,0.05817035406332514,0.13379902239631494,0.04576181081207034,0.17956083320838528,0.7451459207757044,1.6108567832771252,0.08306078093678469,0.5,g10; g1; g7,g10; g1; g7,,g10; g1; g7; g6; g9; g2; g8,area_1; area_3,area_1; area_3,g10,0.09568980238971012,0.1
92,1,-3.2358619850291688,0.0,0.0,-3.2358619850291688,False,psifd; psi2q,0.005832132549763026,0.009570251218653325,0.01540238376841635,0.6787283487863602,0.6941307325547765,0.022189456605281325,2.1607143348434033,0.007128375796855455,0.5,g7; g6,g7; g6,,g7; g6; g8; g9; g2; g1; g10,area_3,area_3,g7,0.5586606496096275,0.1
93,1,-4.387943792917847,0.0,0.0,-4.387943792917847,False,psifd; psi2q,0.005506638582660933,0.0037387476869678257,0.009245386269628758,0.08504006130477268,0.09428544757440144,0.09805740448262863,2.1570644205530702,0.004286096502977062,0.5,g2,g2; g6,0.08301240137140484,g2; g6; g8; g1; g7; g9; g10,area_2,area_2; area_3,g2,0.0779660452324134,0.1
94,1,-5.00808398918784,0.06749023153451025,0.01074140395913382,-5.00808398918784,False,psi2q; psi1q,0.044045596895199546,0.02471078852514256,0.0687563854203421,1.3141084377684806,1.3828648231888228,0.04972025050271583,4.0718160227627225,0.01688592633752911,0.5,g6; g8,g6; g8,,g6; g8; g7; g1; g9; g10; g2,area_3; area_1,area_3; area_1,g6,1.1229503392170632,0.1
95,1,-5.00808398918784,-0.06749023153451025,0.01074140395913382,-5.00808398918784,False,psi2q; psi1q,0.044045596895199546,0.02471078852514256,0.0687563854203421,1.3141084377684806,1.3828648231888228,0.04972025050271583,4.0718160227627225,0.01688592633752911,0.5,g6; g8,g6; g8,,g6; g8; g7; g1; g9; g10; g2,area_3; area_1,area_3; area_1,g6,1.1229503392170632,0.1
96,1,-5.0305744308847125,0.0,0.0,-5.0305744308847125,False,phi; speed,0.010519753543996636,0.0033393974737579136,0.01385915101775455,0.0033047040870976107,0.01716385510485216,0.8074614317756981,1.822695805524919,0.007603655517143875,0.5,g7; g6; g2,g7; g6; g2,,g7; g6; g2; g9; g1; g8; g10,area_3; area_2,area_3; area_2,g7,0.010114871902783693,0.1
97,1,-5.037947604100223,0.0,0.0,-5.037947604100223,False,phi; speed,0.014796690462277376,0.005274974348944625,0.020071664811222002,0.005320175902713088,0.02539184071393509,0.7904769503459682,2.0130107960541213,0.009970967294644535,0.5,g9; g6; g7; g2; g1,g9; g6; g7; g2; g1,,g9; g6; g7; g2; g1; g8; g10,area_1; area_3; area_2,area_1; area_3; area_2,g9,0.01399569144942399,0.1
98,1,-5.063168439389715,0.0,0.0,-5.063168439389715,False,psi2q; speed,0.006621206547300935,0.01040798584175069,0.017029192389051623,0.10997271488094512,0.12700190726999674,0.1340861153592663,1.6438018208777516,0.010359638353459441,0.5,g8; g6,g8; g6,,g8; g6; g9; g1; g7; g2; g10,area_1; area_3,area_1; area_3,g8,0.08516727152520502,0.1
99,1,-5.07207932963467,0.0,0.0,-5.07207932963467,False,psi2q; speed,0.01125265965780757,0.029334283608397106,0.04058694326620468,0.24507511770341425,0.28566206096961894,0.1420802718024261,3.2984740946668247,0.012304763384932487,0.5,g6; g8,g6; g8,,g6; g8; g9; g1; g7; g2; g10,area_3; area_1,area_3; area_1,g6,0.1755608553970756,0.1
100,1,-5.461115561569311,0.0,0.0,-5.461115561569311,False,psi2q; psi1q,0.021198036851896414,0.02729171663841727,0.04848975349031369,1.2200091731545544,1.268498926644868,0.0382260894919062,1.3646308887139853,0.03553323751597764,0.5,g8; g6,g8; g6,,g8; g6; g9; g10; g1; g2; g7,area_1; area_3,area_1; area_3,g8,1.1187066528172769,0.1
101,1,-7.867487884375427,0.0,0.0,-7.867487884375427,False,speed; phi,0.04055227924927811,0.06095181739788722,0.10150409664716534,0.00864865620677506,0.1101527528539404,0.9214848836484101,1.6578558840221451,0.061226128052159136,0.5,g10,g10; g8,0.026052321770712577,g10; g8; g1; g6; g9; g2; g7,area_1,area_1,g10,0.10569653518234182,0.1
102,1,-8.272500945444948,0.042172711618871,0.006711995517732327,-8.272500945444948,False,psi2q; speed,6.391124541956801e-05,0.00012584126026683908,0.0001897525056864071,0.00025453346605333816,0.00044428597173974525,0.427095424470347,3.812623752224153,4.9769533533360596e-05,0.5,g6; g8; g10,g6; g8; g10,,g6; g8; g10; g7; g9; g1; g2,area_3; area_1,area_3; area_1,g6,0.0003005335661527634,0.1
103,1,-8.272500945444948,-0.042172711618871,0.006711995517732327,-8.272500945444948,False,psi2q; speed,6.391124541956801e-05,0.00012584126026683908,0.0001897525056864071,0.00025453346605333816,0.00044428597173974525,0.427095424470347,3.812623752224153,4.9769533533360596e-05,0.5,g6; g8; g10,g6; g8; g10,,g6; g8; g10; g7; g9; g1; g2,area_3; area_1,area_3; area_1,g6,0.0003005335661527634,0.1
104,1,-8.311814997763262,0.22425722394234412,0.03569164571449021,-8.311814997763262,False,speed; phi,0.001074467684777275,0.0015577338478949872,0.002632201532672262,0.0012210154443466075,0.0038532169770188695,0.6831179111820289,2.2776366206637153,0.0011556722915287622,0.5,g2; g1; g8; g10; g6; g9,g2; g1; g8; g10; g6; g9,,g2; g1; g8; g10; g6; g9; g7,area_2; area_1; area_3,area_2; area_1; area_3,g2,0.0009425218507684976,0.1
105,1,-8.311814997763262,-0.22425722394234412,0.03569164571449021,-8.311814997763262,False,speed; phi,0.001074467684777275,0.0015577338478949872,0.002632201532672262,0.0012210154443466075,0.0038532169770188695,0.6831179111820289,2.2776366206637153,0.0011556722915287622,0.5,g2; g1; g8; g10; g6; g9,g2; g1; g8; g10; g6; g9,,g2; g1; g8; g10; g6; g9; g7,area_2; area_1; area_3,area_2; area_1; area_3,g2,0.0009425218507684976,0.1
106,1,-8.465553822984877,0.38450706775392857,0.061196200486808044,-8.465553822984877,False,psi2q; speed,0.009547449577157911,0.026547163115309858,0.03609461269246777,0.04217526569301958,0.07826987838548735,0.46115585506212264,4.473541867076702,0.008068464264995086,0.5,g6; g8; g10; g7,g6; g8; g10; g7,,g6; g8; g10; g7; g9; g1; g2,area_3; area_1,area_3; area_1,g6,0.047131836968525756,0.1
107,1,-8.465553822984877,-0.38450706775392857,0.061196200486808044,-8.465553822984877,False,psi2q; speed,0.009547449577157911,0.026547163115309858,0.03609461269246777,0.04217526569301958,0.07826987838548735,0.46115585506212264,4.473541867076702,0.008068464264995086,0.5,g6; g8; g10; g7,g6; g8; g10; g7,,g6; g8; g10; g7; g9; g1; g2,area_3; area_1,area_3; area_1,g6,0.047131836968525756,0.1
108,1,-9.912110193285844,0.0,0.0,-9.912110193285844,False,psi2q; speed,0.0004961807235864722,0.0009721622060302752,0.0014683429296167474,0.0019638759720995327,0.00343221890171628,0.42781156204299875,1.218349138209943,0.001205190600597549,0.5,g6; g7,g6; g7,,g6; g7; g8; g9; g1; g10; g2,area_3,area_3,g6,0.0024213827777359244,0.1
109,1,-9.999999999976694,0.0,0.0,-9.999999999976694,False,,0.0,0.0,0.0,0.0,0.0,0.0,1.0,0.0,0.5,,,,,,,,0.0,0.1
110,1,-9.999999999976694,0.0,0.0,-9.999999999976694,False,,0.0,0.0,0.0,0.0,0.0,0.0,1.0,0.0,0.5,,,,,,,,0.0,0.1
111,1,-9.999999999976694,0.0,0.0,-9.999999999976694,False,,0.0,0.0,0.0,0.0,0.0,0.0,0.9999999999999999,0.0,0.5,,,,,,,,0.0,0.1
112,1,-10.01740321166446,0.0,0.0,-10.01740321166446,False,psi1d; psifd,9.372344528500456e-05,8.605378187123831e-05,0.00017977722715624287,0.00042918653175146813,0.000608963758907711,0.29521826960393593,1.021498710727405,0.0001759935918354946,0.5,g2,g2; g8,0.056918335640251345,g2; g8; g6; g9; g1; g7; g10,area_2,area_2; area_1,g2,0.0004984428787344248,0.1
113,1,-10.022451907044038,0.0,0.0,-10.022451907044038,False,psi2q; speed,5.628736196256504e-05,0.00010737634826046036,0.0001636637102230254,0.00017359829948004034,0.00033726200970306573,0.48527170423706834,1.254646371213524,0.00013044608742200875,0.5,g6; g8; g7,g6; g8; g7,,g6; g8; g7; g9; g10; g2; g1,area_3; area_1,area_3; area_1,g6,0.00020401716030787306,0.1
114,1,-10.03308532516619,0.0,0.0,-10.03308532516619,False,psi2q; speed,0.000116507840948576,0.00013285571354083493,0.00024936355448941093,0.0003374449656644165,0.0005868085201538274,0.42494876254360137,1.9909449637491632,0.00012524884365453908,0.5,g8; g10; g1,g8; g10; g1,,g8; g10; g1; g6; g9; g2; g7,area_1,area_1,g8,0.00036548461920058356,0.1
115,1,-10.039179118557959,0.0,0.0,-10.039179118557959,False,phi; psi2q,2.5137514908510883e-05,2.464033788761693e-05,4.977785279612782e-05,4.0896433951653294e-05,9.067428674778111e-05,0.5489742966998958,1.2226802079251402,4.071207865595508e-05,0.5,g9; g8; g6; g1,g9; g8; g6; g1,,g9; g8; g6; g1; g10; g7; g2,area_1; area_3,area_1; area_3,g9,4.4958313480728916e-05,0.1
116,1,-10.054057142174328,0.0,0.0,-10.054057142174328,False,psi1d; psifd,1.5385797605099645e-06,2.8373661633662608e-06,4.375945923876225e-06,1.3273194956539022e-05,1.7649140880415247e-05,0.24794101613932315,1.4267322652017302,3.0671107891833482e-06,0.5,g2,g2; g1,0.05323822779957499,g2; g1; g8; g6; g9; g10; g7,area_2,area_2; area_1,g2,1.549454329468841e-05,0.1
117,1,-10.067939112967881,0.0,0.0,-10.067939112967881,False,psi1d; speed,0.00011937514539766712,0.00019513442728901154,0.00031450957268667866,0.0006379486431204418,0.0009524582158071205,0.3302082626482053,2.0465720495592112,0.00015367627675478976,0.5,g9,g9; g8,0.06208055566181469,g9; g8; g6; g10; g1; g7; g2,area_1,area_1,g9,0.0008517304204870899,0.1
118,1,-10.108964289202344,0.0,0.0,-10.108964289202344,False,psi2q; speed,0.00039483716205026924,0.0007527677176989703,0.0011476048797492396,0.0019156291849527027,0.0030632340647019423,0.37463832521753554,2.110045744278074,0.0005438767774875319,0.5,g8; g1; g10; g2; g9,g8; g1; g10; g2; g9,,g8; g1; g10; g2; g9; g6; g7,area_1; area_2,area_1; area_2,g8,0.0017001173135883715,0.1
119,1,-10.160661851059785,0.0,0.0,-10.160661851059785,False,psifd; psi2q,8.609160825941397e-05,0.0001334951517140473,0.00021958675997346127,0.0013091284254010745,0.0015287151853745358,0.14364138073218816,1.796785348316129,0.00012221090303260134,0.5,g7; g6,g7; g6,,g7; g6; g8; g1; g10; g2; g9,area_3,area_3,g7,0.0008195405103274997,0.1
120,1,-10.195626683235545,0.0,0.0,-10.195626683235545,False,psi1d; speed,0.0004873741769494083,0.0007816698344861505,0.0012690440114355587,0.0016076251834187504,0.002876669194854309,0.44115048532712164,1.2725414914074629,0.0009972515788321873,0.5,g8; g10,g8; g10,,g8; g10; g9; g1; g6; g7; g2,area_1,area_1,g8,0.0022402204829251203,0.1
121,1,-10.288496293002922,0.0,0.0,-10.288496293002922,False,psi2q; speed,0.0004863614145862247,0.001009679138974188,0.0014960405535604127,0.0033256455149300104,0.004821686068490423,0.31027332188567686,2.6922953640066893,0.0005556747500890826,0.5,g6; g7; g9; g8; g1,g6; g7; g9; g8; g1,,g6; g7; g9; g8; g1; g10; g2,area_3; area_1,area_3; area_1,g6,0.0023644438858944333,0.1
122,1,-10.303773428762229,0.0,0.0,-10.303773428762229,False,psi1d; speed,0.0023224105912543628,0.002954528265521056,0.005276938856775419,0.007944907262377152,0.013221846119152572,0.39910756858162816,2.9365008748944383,0.0017970159320879191,0.5,g9; g8; g1,g9; g8; g1,,g9; g8; g1; g10; g6; g7; g2,area_1,area_1,g9,0.009532121968805311,0.1
123,1,-10.377909256498535,0.0,0.0,-10.377909256498535,False,psi2q; psi1d,0.0027852433141408637,0.0030820917534781214,0.005867335067618985,0.014305418057095756,0.02017275312471474,0.2908544526047162,4.119167683407964,0.00142439820822363,0.5,g6; g7; g8; g9,g6; g7; g8; g9,,g6; g7; g8; g9; g10; g1; g2,area_3; area_1,area_3; area_1,g6,0.012780726803160064,0.1
124,1,-10.397047951972523,0.0,0.0,-10.397047951972523,False,psi1d; psi2q,0.00030719355574734,0.0011742842033896003,0.0014814777591369403,0.03383184202091437,0.03531331978005131,0.041952378546234424,1.1672946817948324,0.0012691548948539884,0.5,g1,g1; g8,0.00673784158065808,g1; g8; g10; g9; g2; g6; g7,area_1,area_1,g1,0.03489338162988756,0.1
125,1,-10.5051856433231,0.0,0.0,-10.5051856433231,False,psi1d; psi2q,0.000558316137901044,0.0005289868091921886,0.0010873029470932325,0.00864020352111413,0.009727506468207362,0.11177612172727823,1.472313199567022,0.0007384997617442991,0.5,g1; g6,g1; g6,,g1; g6; g9; g7; g2; g8; g10,area_1; area_3,area_1; area_3,g1,0.0069284748584825554,0.1
126,1,-10.588725653564117,0.0,0.0,-10.588725653564117,False,psi2q; speed,0.001095987899651739,0.003785835448294165,0.004881823347945903,0.011245365506194283,0.016127188854140186,0.30270764434513564,1.717909361157804,0.0028417234682601325,0.5,g6; g9; g7,g6; g9; g7,,g6; g9; g7; g1; g2; g8; g10,area_3; area_1,area_3; area_1,g6,0.009673976421310192,0.1
127,1,-10.906499917183455,0.0,0.0,-10.906499917183455,False,psi1d; speed,0.03683537664289788,0.04137325610948719,0.07820863275238507,0.10350441913813685,0.18171305189052192,0.4303963415875269,4.754129098563736,0.016450675009227787,0.5,g9; g6; g7,g9; g6; g7,,g9; g6; g7; g8; g2; g1; g10,area_1; area_3,area_1; area_3,g9,0.0983971818797374,0.1
128,1,-11.764140755765057,0.0,0.0,-11.764140755765057,False,psi1d; speed,0.023999343152001144,0.03596834649681752,0.05996768964881867,0.15438458467419686,0.2143522743230155,0.27976232040557264,4.6991930729868665,0.012761273843703224,0.5,g9; g6; g8; g2; g7; g1,g9; g6; g8; g2; g7; g1,,g9; g6; g8; g2; g7; g1; g10,area_1; area_3; area_2,area_1; area_3; area_2,g9,0.1069803221943369,0.1
129,1,-15.860602056483614,0.0,0.0,-15.860602056483614,False,psi1d; psifd,6.236727705295101e-05,0.000207862598137555,0.00027022987519050604,0.01406097175315603,0.014331201628346536,0.018856051446237577,1.0758854794273813,0.0002511697391197533,0.5,g10,g10; g6,0.08002055486678389,g10; g6; g2; g9; g7; g1; g8,area_1,area_1; area_3,g10,0.011608514192347116,0.1
130,1,-17.778179668057223,0.0,0.0,-17.778179668057223,False,psi1d; psifd,0.0007813334576846817,0.0005584562100898211,0.0013397896677745029,0.022084856233200303,0.023424645900974806,0.057195727672397736,1.185532428595268,0.0011301164231854995,0.5,g2; g9; g6; g8; g7; g10; g1,g2; g9; g6; g8; g7; g10; g1,,g2; g9; g6; g8; g7; g10; g1,area_2; area_1; area_3,area_2; area_1; area_3,g2,0.009758887006355877,0.1
131,1,-17.899836085286505,0.0,0.0,-17.899836085286505,False,speed; phi,0.0017566165556736485,0.01866277851629533,0.02041939507196898,0.0021206252774580332,0.022540020349427013,0.9059173308371951,1.4291548353564552,0.014287741654581493,0.5,g10,g10; g8,0.0029735695842941483,g10; g8; g9; g2; g1; g6; g7,area_1,area_1,g10,0.022308045443226853,0.1
132,1,-17.936353500186197,7.5236097901699255,1.197419688000121,-17.936353500186197,False,psi1d; psi1q,0.0734459738602464,0.14732720760717807,0.22077318146742447,5.168953279435748,5.389726460903172,0.0409618527153285,13.027779656940274,0.016946339843091546,0.5,g6; g2; g1; g9; g10; g8; g7,g6; g2; g1; g9; g10; g8; g7,,g6; g2; g1; g9; g10; g8; g7,area_3; area_2; area_1,area_3; area_2; area_1,g6,1.1560150884140918,0.1
133,1,-17.936353500186197,-7.5236097901699255,1.197419688000121,-17.936353500186197,False,psi1d; psi1q,0.0734459738602464,0.14732720760717807,0.22077318146742447,5.168953279435748,5.389726460903172,0.0409618527153285,13.027779656940274,0.016946339843091546,0.5,g6; g2; g1; g9; g10; g8; g7,g6; g2; g1; g9; g10; g8; g7,,g6; g2; g1; g9; g10; g8; g7,area_3; area_2; area_1,area_3; area_2; area_1,g6,1.1560150884140918,0.1
134,1,-19.84969620172594,0.0,0.0,-19.84969620172594,False,psi1d; psi1q,0.00021529511691207234,0.000606237076272312,0.0008215321931843843,0.01482966301342577,0.015651195206610156,0.05249006113203526,2.49910532217184,0.0003287305204369835,0.5,g7; g10; g8; g6; g2; g1; g9,g7; g10; g8; g6; g2; g1; g9,,g7; g10; g8; g6; g2; g1; g9,area_3; area_1; area_2,area_3; area_1; area_2,g7,0.004251795469858158,0.1
135,1,-19.915161240702442,0.0,0.0,-19.915161240702442,False,psi1d; psi1q,3.136413287125282e-05,3.818475641360434e-05,6.954888928485716e-05,0.0009933812110865616,0.0010629301003714188,0.06543129154076524,1.295681454734156,5.367745986541653e-05,0.5,g7; g2; g6; g1; g9; g10,g7; g2; g6; g1; g9; g10,,g7; g2; g6; g1; g9; g10; g8,area_3; area_2; area_1,area_3; area_2; area_1,g7,0.00027463292751766204,0.1
136,1,-19.95382432305708,0.0,0.0,-19.95382432305708,False,psi1d; psi1q,6.36864330893017e-07,6.298988737922937e-07,1.2667632046853107e-06,0.00012185899209053559,0.0001231257552952209,0.010288369006532948,2.007145705064999,6.311266797864524e-07,0.5,g1; g9; g8; g7,g1; g9; g8; g7,,g1; g9; g8; g7; g10; g6; g2,area_1; area_3,area_1; area_3,g1,6.324619159229864e-05,0.1
137,1,-20.000000000000014,0.0,0.0,-20.000000000000014,False,,0.0,0.0,0.0,0.0,0.0,0.0,1.0083896410596254,0.0,0.5,,,,,,,,0.0,0.1
138,1,-20.000000000000053,0.0,0.0,-20.000000000000053,False,,0.0,0.0,0.0,0.0,0.0,0.0,1.0044998872672306,0.0,0.5,,,,,,,,0.0,0.1
139,1,-20.000000000000103,0.0,0.0,-20.000000000000103,False,,0.0,0.0,0.0,0.0,0.0,0.0,1.0039208941702298,0.0,0.5,,,,,,,,0.0,0.1
140,1,-20.464889794947275,0.0,0.0,-20.464889794947275,False,psi1d; psifd,0.0020644832207901303,0.0013667500466586731,0.0034312332674488032,1.489557512245831,1.49298874551328,0.00229823116735496,1.5751519942109808,0.002178350584616162,0.5,g1; g7,g1; g7,,g1; g7; g9; g6; g8; g10; g2,area_1; area_3,area_1; area_3,g1,1.024385894928529,0.1
141,1,-21.098372570369058,0.0,0.0,-21.098372570369058,False,psi1d; psifd,0.010466378601621817,0.010014809489217657,0.020481188090839472,1.7182083182350203,1.7386895063258598,0.011779669697391588,1.7790706525642217,0.011512296075099317,0.5,g7; g9; g1,g7; g9; g1,,g7; g9; g1; g8; g10; g6; g2,area_3; area_1,area_3; area_1,g7,1.0490264221453243,0.1
142,1,-21.871232532416713,0.0,0.0,-21.871232532416713,False,psi1d; psifd,0.014403723652810146,0.012901970654871019,0.027305694307681164,1.946270588400706,1.9735762827083874,0.013835641696204864,2.024937729230959,0.013484708153495395,0.5,g9; g10; g6; g1; g7,g9; g10; g6; g1; g7,,g9; g10; g6; g1; g7; g2; g8,area_1; area_3,area_1; area_3,g9,1.042568004124031,0.1
143,1,-22.236236182899127,0.0,0.0,-22.236236182899127,False,psi1d; psifd,0.015121785901357342,0.013910243011179272,0.029032028912536614,2.1246357128239945,2.1536677417365313,0.01348027290835851,2.1826596035746313,0.013301216948803958,0.5,g6; g10; g7,g6; g10; g7,,g6; g10; g7; g8; g2; g9; g1,area_3; area_1,area_3; area_1,g6,1.0275491115252695,0.1
144,1,-22.601403438454774,0.0,0.0,-22.601403438454774,False,psi1d; phi,0.01614536038295119,0.015118042966517716,0.03126340334946891,1.3015692197967412,1.3328326231462102,0.02345636114133391,1.3377500132610243,0.023370138695239715,0.5,g8; g10,g8; g10,,g8; g10; g9; g6; g1; g7; g2,area_1,area_1,g8,1.045111090879341,0.1
145,1,-23.374275452244145,0.0,0.0,-23.374275452244145,False,psi1d; psifd,0.015412312373402109,0.013147451617296533,0.028559763990698643,1.4340994951421462,1.462659259132845,0.019525917476932147,1.5225145779961708,0.018758286064023796,0.5,g2; g6,g2; g6,,g2; g6; g10; g1; g8; g9; g7,area_2; area_3,area_2; area_3,g2,1.023442226784487,0.1
146,1,-31.885938649604842,0.3454157446621676,0.05497462318475194,-31.885938649604842,False,psi1q; psi2q,0.0026077164019255895,0.002048487277211108,0.004656203679136698,2.1916233787808572,2.196279582459994,0.0021200414174598883,2.2637444254009305,0.002056859258002166,0.5,g1; g9,g1; g9,,g1; g9; g2; g10; g6; g8; g7,area_1,area_1,g1,1.0672792716814643,0.1
147,1,-31.885938649604842,-0.3454157446621676,0.05497462318475194,-31.885938649604842,False,psi1q; psi2q,0.0026077164019255895,0.002048487277211108,0.004656203679136698,2.1916233787808572,2.196279582459994,0.0021200414174598883,2.2637444254009305,0.002056859258002166,0.5,g1; g9,g1; g9,,g1; g9; g2; g10; g6; g8; g7,area_1,area_1,g1,1.0672792716814643,0.1
148,1,-39.258744427264325,32.24330206751714,5.131680905650482,-39.258744427264325,False,psi1q; psi1d,0.004315243125437133,0.005670760498274033,0.009986003623711166,0.1997510225568361,0.20973702618054726,0.04761202066017159,5.494659580630271,0.0018174016928935405,0.5,g6; g2; g7; g10; g8; g1; g9,g6; g2; g7; g10; g8; g1; g9,,g6; g2; g7; g10; g8; g1; g9,area_3; area_2; area_1,area_3; area_2; area_1,g6,0.06323085977423866,0.1
149,1,-39.258744427264325,-32.24330206751714,5.131680905650482,-39.258744427264325,False,psi1q; psi1d,0.004315243125437133,0.005670760498274033,0.009986003623711166,0.1997510225568361,0.20973702618054726,0.04761202066017159,5.494659580630271,0.0018174016928935405,0.5,g6; g2; g7; g10; g8; g1; g9,g6; g2; g7; g10; g8; g1; g9,,g6; g2; g7; g10; g8; g1; g9,area_3; area_2; area_1,area_3; area_2; area_1,g6,0.06323085977423866,0.1
150,1,-39.89868078238914,0.0,0.0,-39.89868078238914,False,psi1q; psi2q,0.003602171395230759,0.004731476788455767,0.008333648183686527,1.6354555612560397,1.6437892094397262,0.0050697791029587005,1.8528333706442888,0.004497786101935682,0.5,g6; g8; g7,g6; g8; g7,,g6; g8; g7; g9; g2; g1; g10,area_3; area_1,area_3; area_1,g6,1.0998743985400328,0.1
151,1,-44.105033867557296,0.0,0.0,-44.105033867557296,False,psi1q; psi2q,0.004090159221366266,0.004551421810262097,0.008641581031628362,1.4788389189384783,1.4874804999701066,0.005809542398573984,1.4929449069168892,0.005788278583885769,0.5,g8; g6; g10,g8; g6; g10,,g8; g6; g10; g7; g1; g9; g2,area_1; area_3,area_1; area_3,g8,1.0720413861477587,0.1
152,1,-48.223163937902584,0.0,0.0,-48.223163937902584,False,psi1q; psifd,8.926276661873738e-05,8.188780459797117e-05,0.00017115057121670855,0.008935590860349557,0.009106741431566265,0.01879383229477203,1.0495768427877816,0.00016306626083909724,0.5,g10; g6; g7,g10; g6; g7,,g10; g6; g7; g8; g1; g2; g9,area_1; area_3,area_1; area_3,g10,0.004239676385765126,0.1
153,1,-48.62282221778632,30.095340444778518,4.789822195819942,-48.62282221778632,False,psi1q; psi1d,0.0012061946072928994,0.0007600743879446607,0.00196626899523756,0.05512350083123484,0.057089769826472396,0.03444170472598062,2.523534181249548,0.0007791727212761376,0.5,g2,g2; g10,0.061059294206617355,g2; g10; g1; g8; g7; g6; g9,area_2,area_2; area_1,g2,0.0462922068108816,0.1
154,1,-48.62282221778632,-30.095340444778518,4.789822195819942,-48.62282221778632,False,psi1q; psi1d,0.0012061946072928994,0.0007600743879446607,0.00196626899523756,0.05512350083123484,0.057089769826472396,0.03444170472598062,2.523534181249548,0.0007791727212761376,0.5,g2,g2; g10,0.061059294206617355,g2; g10; g1; g8; g7; g6; g9,area_2,area_2; area_1,g2,0.0462922068108816,0.1
155,1,-49.11328936619834,0.0,0.0,-49.11328936619834,False,psi1q; psi1d,0.00027411189638123384,0.00026409477663916437,0.0005382066730203982,0.022099045982344592,0.02263725265536499,0.023775264658401206,1.046423180778843,0.0005143298456173495,0.5,g10,g10; g9,0.08863622144437897,g10; g9; g8; g6; g1; g2; g7,area_1,area_1,g10,0.019062329252519033,0.1
156,1,-49.34240917024228,0.0,0.0,-49.34240917024228,False,psi1q; psi1d,5.3082473595697845e-06,6.412055992524168e-06,1.1720303352093953e-05,0.0005271052892460464,0.0005388255925981404,0.021751571404729154,1.2238950395502248,9.576232416466941e-06,0.5,g6; g8; g10,g6; g8; g10,,g6; g8; g10; g7; g2; g1; g9,area_3; area_1,area_3; area_1,g6,0.00039477651468847137,0.1
157,1,-49.38201111399141,0.0,0.0,-49.38201111399141,False,psi1q; psi1d,0.0038399562906535857,0.003702713948163127,0.0075426702388167125,0.29121376613548605,0.29875643637430277,0.025246887833963626,1.552176002917357,0.00485941686035608,0.5,g10,g10; g8,0.0649876798157437,g10; g8; g6; g1; g9; g2; g7,area_1,area_1,g10,0.2722643878884873,0.1
158,1,-49.52078977809159,0.0,0.0,-49.52078977809159,False,psi1q; phi,0.014651739379209943,0.014242198617480406,0.02889393799669035,1.1017941680411647,1.130688106037855,0.025554295514737632,1.430308254063703,0.02020119643062863,0.5,g10,g10; g8,0.07624545717192242,g10; g8; g1; g6; g9; g2; g7,area_1,area_1,g10,1.0260952269541557,0.1
159,1,-58.94335858070839,20.54147368721024,3.269277075711611,-58.94335858070839,False,psi1q; psi1d,4.249786185646945e-05,4.575405109234904e-05,8.825191294881849e-05,0.006164737837591935,0.006252989750540753,0.014113554710558503,4.201890576196002,2.1002906036813914e-05,0.5,g7; g6; g2; g8,g7; g6; g2; g8,,g7; g6; g2; g8; g9; g10; g1,area_3; area_2; area_1,area_3; area_2; area_1,g7,0.002818032815767447,0.1
160,1,-58.94335858070839,-20.54147368721024,3.269277075711611,-58.94335858070839,False,psi1q; psi1d,4.249786185646945e-05,4.575405109234904e-05,8.825191294881849e-05,0.006164737837591935,0.006252989750540753,0.014113554710558503,4.201890576196002,2.1002906036813914e-05,0.5,g7; g6; g2; g8,g7; g6; g2; g8,,g7; g6; g2; g8; g9; g10; g1,area_3; area_2; area_1,area_3; area_2; area_1,g7,0.002818032815767447,0.1
161,1,-66.36667869759192,0.0,0.0,-66.36667869759192,False,psi1q; speed,0.0017968171870901954,0.003492769818547096,0.005289587005637291,1.0964609314258482,1.1017505184314855,0.0048010751228579835,1.338913394710002,0.003950656574604643,0.5,g2,g2; g7,0.06710243581221079,g2; g7; g6; g8; g1; g9; g10,area_2,area_2; area_3,g2,1.006211639133995,0.1
162,1,-72.9448027094008,0.0,0.0,-72.9448027094008,False,psi1q; speed,0.0032671082936599036,0.0038814460412228352,0.007148554334882739,1.114540067005142,1.1216886213400248,0.0063730291980164,1.1934420858797539,0.0059898627838426985,0.5,g7,g7; g6,0.05837599690774528,g7; g6; g2; g8; g9; g1; g10,area_3,area_3,g7,1.0075452554726854,0.1
163,1,-78.66492408513515,37.83154973738028,6.021078145530966,-78.66492408513515,False,psi1q; psi1d,0.0005190994847380792,0.0006300783236584565,0.0011491778083965358,0.17156458300562916,0.1727137608140257,0.00665365517478335,5.112787376840614,0.0002247654212263872,0.5,g7; g2; g6; g10; g8,g7; g2; g6; g10; g8,,g7; g2; g6; g10; g8; g9; g1,area_3; area_2; area_1,area_3; area_2; area_1,g7,0.0804965904227876,0.1
164,1,-78.66492408513515,-37.83154973738028,6.021078145530966,-78.66492408513515,False,psi1q; psi1d,0.0005190994847380792,0.0006300783236584565,0.0011491778083965358,0.17156458300562916,0.1727137608140257,0.00665365517478335,5.112787376840614,0.0002247654212263872,0.5,g7; g2; g6; g10; g8,g7; g2; g6; g10; g8,,g7; g2; g6; g10; g8; g9; g1,area_3; area_2; area_1,area_3; area_2; area_1,g7,0.0804965904227876,0.1
165,1,-84.6434563850534,0.0,0.0,-84.6434563850534,False,psi1q; psi1d,2.1474454478532415e-06,3.051120175583037e-06,5.198565623436279e-06,0.0012004164958780625,0.0012056150615014987,0.00431196141242784,2.6160986142330174,1.9871443664826773e-06,0.5,g7,g7; g10,0.009565503979798969,g7; g10; g8; g6; g9; g2; g1,area_3,area_3; area_1,g7,0.0011737921340633,0.1
166,1,-94.16229234144696,0.0,0.0,-94.16229234144696,False,psi1q; psi1d,7.346076205529298e-05,1.0930381958251196e-05,8.439114401354417e-05,0.020090741378549815,0.02017513252256336,0.004182928856559591,1.8977911775028875,4.446808743445946e-05,0.5,g2,g2; g7,0.040168161693863315,g2; g7; g1; g10; g8; g9; g6,area_2,area_2; area_3,g2,0.01860461892730641,0.1
167,1,-99.99999999999454,0.0,0.0,-99.99999999999454,False,,0.0,0.0,0.0,0.0,0.0,0.0,1.0,0.0,0.5,,,,,,,,0.0,0.1
168,1,-99.99999999999454,0.0,0.0,-99.99999999999454,False,,0.0,0.0,0.0,0.0,0.0,0.0,1.0,0.0,0.5,,,,,,,,0.0,0.1
169,1,-99.99999999999454,0.0,0.0,-99.99999999999454,False,,0.0,0.0,0.0,0.0,0.0,0.0,1.0,0.0,0.5,,,,,,,,0.0,0.1
170,1,-132.06361691420662,0.0,0.0,-132.06361691420662,False,psi1q; psi1d,8.12986017553822e-05,3.0487654063952736e-05,0.00011178625581933493,0.017762965056628825,0.01787475131244816,0.0062538635567749605,2.786812213551358,4.011259003235125e-05,0.5,g2,g2; g7,0.06071821754034407,g2; g7; g10; g1; g6; g8; g9,area_2,area_2; area_3,g2,0.015022680768844686,0.1
171,1,-135.64633367772518,0.0,0.0,-135.64633367772518,False,psi1q; psi1d,0.00014624865426164483,0.0002728113959686182,0.00041906005023026305,0.03159917718532707,0.032018237235557336,0.013088167444923629,3.5518245178687984,0.00011798444661948325,0.5,g2,g2; g10,0.09653261017439947,g2; g10; g7; g6; g8; g1; g9,area_2,area_2; area_1,g2,0.02499846027062419,0.1
172,1,-188.11753076745862,0.0,0.0,-188.11753076745862,False,psi1d; psi1q,5.4315773444143134e-05,5.532306295045304e-05,0.00010963883639459617,0.0017324847852671465,0.0018421236216617427,0.059517632315953466,1.7189175478433454,6.378365066559212e-05,0.5,g2; g10; g1,g2; g10; g1,,g2; g10; g1; g7; g8; g9; g6,area_2; area_1,area_2; area_1,g2,0.0009266286380329321,0.1
173,1,-200.97162641845304,0.0,0.0,-200.97162641845304,False,psi1q; speed,1.6372985610957013e-06,3.725141295733515e-06,5.362439856829217e-06,0.0003228071849929735,0.0003281696248498027,0.016340451555452485,2.932977920899428,1.8283260227150871e-06,0.5,g7; g6,g7; g6,,g7; g6; g10; g8; g2; g9; g1,area_3,area_3,g7,0.00022439262731507555,0.1
174,1,-251.6265049096146,0.0,0.0,-251.6265049096146,False,psi1q; psi1d,8.280680786330929e-07,9.558523895570616e-07,1.7839204681901543e-06,5.218661346942155e-05,5.39705339376117e-05,0.03305360051194439,2.5333225289909476,7.041821354269924e-07,0.5,g10; g6; g7; g9; g8,g10; g6; g7; g9; g8,,g10; g6; g7; g9; g8; g1; g2,area_1; area_3,area_1; area_3,g10,1.65551292408993e-05,0.1
