Gen,Signal,Method,R2,RMSE,Poles
g1,Voltage,Order 2,0.9693818245913396,7.28974604977403e-06,1
g1,Voltage,Order 4,0.9838880803674753,5.288060184564822e-06,2
g1,Voltage,Order 6,0.9998240103179452,5.526705832384519e-07,3
g1,Voltage,Tau 1,0.968530192662865,7.390431362367764e-06,1
g1,Voltage,Tau 0.1,0.9998240103179452,5.526705832384519e-07,3
g1,Voltage,Tau 0.01,0.9998240103179452,5.526705832384519e-07,3
g1,Current,Order 2,0.7742454518598169,4.9518115210159266e-05,1
g1,Current,Order 4,0.7933315332972095,4.73786803850532e-05,2
g1,Current,Order 6,0.9996949423565424,1.8202741732320154e-06,3
g1,Current,Tau 1,0.7742454518598169,4.9518115210159266e-05,1
g1,Current,Tau 0.1,0.9996949423565424,1.8202741732320154e-06,3
g1,Current,Tau 0.01,0.9996949423565424,1.8202741732320154e-06,3
g1,Active Power,Order 2,0.7766328404844305,0.5262736729312352,1
g1,Active Power,Order 4,0.7948929786407359,0.50430380842484,2
g1,Active Power,Order 6,0.9997223982730372,0.018552953916057883,3
g1,Active Power,Tau 1,0.7766328404844305,0.5262736729312352,1
g1,Active Power,Tau 0.1,0.9997223982730372,0.018552953916057883,3
g1,Active Power,Tau 0.01,0.9997223982730372,0.018552953916057883,3
g1,Reactive Power,Order 2,0.3798230436609058,0.09940699406929611,1
g1,Reactive Power,Order 4,0.8058654511564158,0.05561738228251787,2
g1,Reactive Power,Order 6,0.9927432542808275,0.010753010789710641,3
g1,Reactive Power,Tau 1,0.9927432542808275,0.010753010789710641,3
g1,Reactive Power,Tau 0.1,0.9983352553337779,0.005150304956104728,4
g1,Reactive Power,Tau 0.01,0.9998204412696841,0.001691462569796073,5
g2,Voltage,Order 4,0.6811359799127247,1.4315028477232265e-05,1
g2,Voltage,Order 6,0.9974292722338848,1.2853384575185824e-06,3
g2,Voltage,Tau 1,0.9974292722338848,1.2853384575185824e-06,3
g2,Voltage,Tau 0.1,0.9974292722338848,1.2853384575185824e-06,3
g2,Voltage,Tau 0.01,0.9280293001319389,6.800914589130887e-06,5
g2,Current,Order 2,0.7921416175091358,7.864312587357678e-05,1
g2,Current,Order 4,0.817741677088865,7.364117009991046e-05,2
g2,Current,Order 6,0.9869219958446993,1.9726395271674713e-05,3
g2,Current,Tau 1,0.7921416175091358,7.864312587357678e-05,1
g2,Current,Tau 0.1,-1.0386554744524994,0.00024629121120578506,3
g2,Current,Tau 0.01,-1.0522740591524573,0.0002471124767001263,4
g2,Active Power,Order 2,0.8093577794388602,0.04337479269057975,1
g2,Active Power,Order 4,0.8347625016827599,0.04038147458088458,2
g2,Active Power,Order 6,0.9795702463404877,0.014199054728122702,3
g2,Active Power,Tau 1,0.8093577794388602,0.04337479269057975,1
g2,Active Power,Tau 0.1,0.8837378350665225,0.03387248592646596,2
g2,Active Power,Tau 0.01,-1.330970539659413,0.15166880342355613,4
g2,Reactive Power,Order 2,0.9251893266443314,0.024674609452326385,1
g2,Reactive Power,Order 4,0.9898273262617616,0.009098840739504007,2
g2,Reactive Power,Order 6,0.9990788887683771,0.0027379438951836187,3
g2,Reactive Power,Tau 1,0.9898273262617616,0.009098840739504007,2
g2,Reactive Power,Tau 0.1,0.9990788887683771,0.0027379438951836187,3
g2,Reactive Power,Tau 0.01,0.023148451681330506,0.08916261355625119,2
g3,Voltage,Order 2,0.9539876930024352,4.109409950084487e-06,1
g3,Voltage,Order 4,0.9815578674504255,2.6016449847631537e-06,2
g3,Voltage,Order 6,0.9890535475116599,2.0043758523941442e-06,3
g3,Voltage,Tau 1,0.9539876930024352,4.109409950084487e-06,1
g3,Voltage,Tau 0.1,0.9815578674504255,2.6016449847631537e-06,2
g3,Voltage,Tau 0.01,0.9980338774526222,8.494694322432486e-07,5
g3,Current,Order 2,0.7228506163084908,8.132007769564567e-05,1
g3,Current,Order 4,0.8411431792845415,6.156639999316205e-05,2
g3,Current,Order 6,0.9874662368002928,1.7293447069215028e-05,3
g3,Current,Tau 1,0.9298390415217304,4.091556785477505e-05,2
g3,Current,Tau 0.1,0.999678177614072,2.7710792827313567e-06,4
g3,Current,Tau 0.01,0.9999531934270897,1.0568035131706942e-06,5
g3,Active Power,Order 2,0.7872174700064819,0.051643937815779355,1
g3,Active Power,Order 4,0.8161611276078258,0.04800318339025557,2
g3,Active Power,Order 6,0.9840860561270152,0.014123433075112086,3
g3,Active Power,Tau 1,0.8942652135924152,0.03640493931945308,2
g3,Active Power,Tau 0.1,0.8942652135924152,0.03640493931945308,2
g3,Active Power,Tau 0.01,-1.3188861516930857,0.17048692546412894,4
g3,Reactive Power,Order 2,0.780078085469823,0.017635001573515333,1
g3,Reactive Power,Order 4,0.8179894973134081,0.016043143699223696,2
g3,Reactive Power,Order 6,0.7877031856250818,0.017326585566289222,2
g3,Reactive Power,Tau 1,0.7877031856250818,0.017326585566289222,2
g3,Reactive Power,Tau 0.1,0.7877031856250818,0.017326585566289222,2
g3,Reactive Power,Tau 0.01,0.9468479800867007,0.008669641428912807,3
g4,Voltage,Order 4,0.9394065220432986,8.003502071225695e-06,2
g4,Voltage,Order 6,0.47667463741936034,2.3520850022778963e-05,2
g4,Voltage,Tau 1,0.4120031407277537,2.493185683338874e-05,2
g4,Voltage,Tau 0.1,0.4120031407277537,2.493185683338874e-05,2
g4,Voltage,Tau 0.01,0.4120031407277537,2.493185683338874e-05,2
g4,Current,Order 2,0.7238186952704517,8.679785076561525e-05,1
g4,Current,Order 4,0.8096583756252475,7.205742173864374e-05,2
g4,Current,Order 6,-0.5658384354117929,0.0002066737443146772,2
g4,Current,Tau 1,0.9296455907520799,4.380841024642222e-05,2
g4,Current,Tau 0.1,-1.1734572315043987,0.00024349350568437058,3
g4,Current,Tau 0.01,-1.1734572315043987,0.00024349350568437058,3
g4,Active Power,Order 2,0.798011537092022,0.05696322478558069,1
g4,Active Power,Order 4,0.8271704062625819,0.052691473040636434,2
g4,Active Power,Order 6,0.9902529647770423,0.012513176000872112,3
g4,Active Power,Tau 1,0.9062217770203993,0.038813453337020735,2
g4,Active Power,Tau 0.1,-1.2830971245718144,0.19151089189931564,3
g4,Active Power,Tau 0.01,-1.2830971245718144,0.19151089189931564,3
g4,Reactive Power,Order 2,0.8621482373760685,0.03670797008690964,1
g4,Reactive Power,Order 4,0.9345390451602443,0.025295622723721583,2
g4,Reactive Power,Order 6,-0.6673798013298151,0.12766489001922773,2
g4,Reactive Power,Tau 1,-0.6673798013298151,0.12766489001922773,2
g4,Reactive Power,Tau 0.1,-0.6673798013298151,0.12766489001922773,2
g4,Reactive Power,Tau 0.01,-0.6673798013298151,0.12766489001922773,2
g5,Voltage,Order 2,0.851996492422307,9.513790616556178e-06,1
g5,Voltage,Order 4,0.9958712061313436,1.5890193494244664e-06,2
g5,Voltage,Order 6,0.9935632044007892,1.984049230733117e-06,2
g5,Voltage,Tau 1,0.9958712061313436,1.5890193494244664e-06,2
g5,Voltage,Tau 0.1,0.9958712061313436,1.5890193494244664e-06,2
g5,Voltage,Tau 0.01,0.9998826525744813,2.678886835798352e-07,7
g5,Current,Order 2,0.4805277901674858,0.0001049926858169876,1
g5,Current,Order 4,0.9392828277765987,3.589497494231834e-05,2
g5,Current,Order 6,0.9663027068866329,2.6740861448162314e-05,3
g5,Current,Tau 1,0.9328227251665052,3.7756269464377565e-05,2
g5,Current,Tau 0.1,0.948713917963827,3.298964539564186e-05,3
g5,Current,Tau 0.01,0.9993269915295665,3.77909797294075e-06,4
g5,Active Power,Order 2,0.6185441177888102,0.05720384352939577,1
g5,Active Power,Order 4,0.9029203788771032,0.028858057091103586,2
g5,Active Power,Order 6,0.9660937682980072,0.017054650138056807,3
g5,Active Power,Tau 1,0.9059169267707644,0.02840918660961476,2
g5,Active Power,Tau 0.1,0.1268809999127236,0.08654455943429597,2
g5,Active Power,Tau 0.01,0.9994754977334903,0.0021211761555951676,4
g5,Reactive Power,Order 2,0.6086717251843592,0.016948779813908896,1
g5,Reactive Power,Order 4,0.9171105755181854,0.00780040919667387,2
g5,Reactive Power,Order 6,0.9886083059710954,0.002891758224067684,3
g5,Reactive Power,Tau 1,0.9886083059710954,0.002891758224067684,3
g5,Reactive Power,Tau 0.1,0.9886083059710954,0.002891758224067684,3
g5,Reactive Power,Tau 0.01,0.9996694662966658,0.0004925787794822641,5
g6,Voltage,Order 4,0.9537481567719248,9.07540987846503e-06,2
g6,Voltage,Order 6,0.9972048810389034,2.2310118352298574e-06,3
g6,Voltage,Tau 0.1,0.5794921600536816,2.736457922873918e-05,2
g6,Voltage,Tau 0.01,0.99918811163646,1.2024025384790558e-06,4
g6,Current,Order 2,0.6408393223533418,0.00010250076431786579,1
g6,Current,Order 4,0.9176461536795497,4.908227184432827e-05,2
g6,Current,Order 6,0.9876920311714806,1.8974743179755137e-05,3
g6,Current,Tau 1,0.9347639423380107,4.368441926438256e-05,2
g6,Current,Tau 0.1,0.9996810089461181,3.0547239109255083e-06,4
g6,Current,Tau 0.01,0.9996810089461181,3.0547239109255083e-06,4
g6,Active Power,Order 2,0.6731381598336557,0.06824703233462014,1
g6,Active Power,Order 4,0.8731667983198697,0.04251264618312973,2
g6,Active Power,Order 6,0.9799647868907015,0.016896573570145557,3
g6,Active Power,Tau 1,0.912775856991536,0.0352549429366824,2
g6,Active Power,Tau 0.1,0.0864624729539274,0.1140945386745965,2
g6,Active Power,Tau 0.01,-1.0007826259216293,0.16885021355346896,3
g6,Reactive Power,Order 2,0.8873504505827958,0.05017574008863044,1
g6,Reactive Power,Order 4,0.9765979930545765,0.022869444173512818,2
g6,Reactive Power,Order 6,0.9989348945531092,0.004878938686421961,3
g6,Reactive Power,Tau 1,0.9765979930545765,0.022869444173512818,2
g6,Reactive Power,Tau 0.1,0.9765979930545765,0.022869444173512818,2
g6,Reactive Power,Tau 0.01,0.9999332468095105,0.0012214201249026893,4
g7,Voltage,Order 2,0.35479695354067164,1.9883924256312966e-05,1
g7,Voltage,Order 4,0.9244679910058524,6.803296732229131e-06,2
g7,Voltage,Order 6,0.9966149939103259,1.4402358683686028e-06,3
g7,Voltage,Tau 1,0.9456957547076885,5.768604795035049e-06,2
g7,Voltage,Tau 0.1,0.9966149939103259,1.4402358683686028e-06,3
g7,Voltage,Tau 0.01,0.9984393497764555,9.77927558411179e-07,4
g7,Current,Order 2,0.6630250305233405,8.637216155170419e-05,1
g7,Current,Order 4,0.9239973227517967,4.101941029129075e-05,2
g7,Current,Order 6,0.9880502100595363,1.6265038762642775e-05,3
g7,Current,Tau 1,0.9348706857306547,3.7971977938873456e-05,2
g7,Current,Tau 0.1,-1.1707019026775334,0.00021921741917388805,3
g7,Current,Tau 0.01,-1.1707019026775334,0.00021921741917388805,3
g7,Active Power,Order 2,0.7609916349918379,0.05382193771351473,1
g7,Active Power,Order 4,0.8048142788298871,0.048638122322693114,2
g7,Active Power,Order 6,0.9882448334210034,0.011936229835943255,3
g7,Active Power,Tau 1,0.906926945583524,0.033586501011784925,2
g7,Active Power,Tau 0.1,0.017967519716126756,0.10909772762963586,2
g7,Active Power,Tau 0.01,-1.1660225140782638,0.1620258326753447,3
g7,Reactive Power,Order 2,0.688436051090505,0.020994826046334028,1
g7,Reactive Power,Order 4,0.788448473394147,0.017300026270558214,2
g7,Reactive Power,Order 6,0.7688168376664501,0.018084927865375224,2
g7,Reactive Power,Tau 1,0.7688168376664501,0.018084927865375224,2
g7,Reactive Power,Tau 0.1,0.8241794630890542,0.015771517484935788,3
g7,Reactive Power,Tau 0.01,0.8362587819350171,0.015220106423999206,5
g8,Voltage,Order 4,-0.08365329859650106,4.039939198592684e-05,1
g8,Voltage,Order 6,0.9812373443217048,5.315900025418193e-06,3
g8,Voltage,Tau 0.1,0.9812373443217048,5.315900025418193e-06,3
g8,Voltage,Tau 0.01,0.7419234737065223,1.971532327172086e-05,4
g8,Current,Order 2,0.8535796198659554,5.1035067612264266e-05,1
g8,Current,Order 4,0.8536628914008365,5.1020553332189065e-05,2
g8,Current,Order 6,-0.3371838390809392,0.00015422809313586443,2
g8,Current,Tau 1,0.8515625894937008,5.1385384929493774e-05,1
g8,Current,Tau 0.1,0.9162650896744361,3.8594125898731887e-05,3
g8,Current,Tau 0.01,0.9095231461001536,4.011775989697817e-05,4
g8,Active Power,Order 2,0.8969124338769294,0.035719730435317565,1
g8,Active Power,Order 4,0.9291584491663841,0.029610726278184656,2
g8,Active Power,Order 6,-0.42793087130928353,0.13294090201558478,2
g8,Active Power,Tau 1,0.8653363873252717,0.04082537290401548,2
g8,Active Power,Tau 0.1,0.8653363873252717,0.04082537290401548,2
g8,Active Power,Tau 0.01,-1.264569216729352,0.16741633465057823,4
g8,Reactive Power,Order 2,0.8670314940059618,0.033997756467685596,1
g8,Reactive Power,Order 4,0.9800082903706198,0.013182592630369866,2
g8,Reactive Power,Order 6,0.9966228895112773,0.0054181184951189384,3
g8,Reactive Power,Tau 1,0.8670314940059618,0.033997756467685596,1
g8,Reactive Power,Tau 0.1,0.9800082903706198,0.013182592630369866,2
g8,Reactive Power,Tau 0.01,0.7428222229785704,0.04728164556616208,4
g9,Voltage,Order 2,0.7247460174741893,2.0474063468929945e-05,1
g9,Voltage,Order 4,0.8019810469681989,1.7365633042082425e-05,2
g9,Voltage,Order 6,0.9895837939038873,3.9828323113586314e-06,3
g9,Voltage,Tau 1,0.7247460174741893,2.0474063468929945e-05,1
g9,Voltage,Tau 0.1,0.8694094181227647,1.4102404522151558e-05,4
g9,Voltage,Tau 0.01,0.900020337876817,1.2339372417528468e-05,6
g9,Current,Order 2,0.6446020735189824,0.00011294824394628752,1
g9,Current,Order 4,0.7889578879450139,8.703753856092113e-05,2
g9,Current,Order 6,0.7970103253185494,8.536090524654177e-05,3
g9,Current,Tau 1,0.6446020735189824,0.00011294824394628752,1
g9,Current,Tau 0.1,-0.38648379412319134,0.0002230896577283736,3
g9,Current,Tau 0.01,-0.6072667581497198,0.00024019613763017535,4
g9,Active Power,Order 2,0.7498864652743418,0.08953406344993925,1
g9,Active Power,Order 4,0.8287460479111176,0.07408665714911285,2
g9,Active Power,Order 6,0.8504665894015233,0.06922912103476503,3
g9,Active Power,Tau 1,0.7498864652743418,0.08953406344993925,1
g9,Active Power,Tau 0.1,0.18264369789256152,0.16185473384336574,2
g9,Active Power,Tau 0.01,-0.9353476497655298,0.24905725253254288,4
g9,Reactive Power,Order 2,0.6718131500327689,0.015566938570629131,1
g9,Reactive Power,Order 4,0.7589732649370573,0.013340596013494072,2
g9,Reactive Power,Order 6,0.7675599275403853,0.0131008093013564,3
g9,Reactive Power,Tau 1,0.8754037725453705,0.009591688592667855,3
g9,Reactive Power,Tau 0.1,-1.8223305490227615,0.045650607593652005,4
g9,Reactive Power,Tau 0.01,-6.13419564652842,0.07257969377141907,6
g10,Voltage,Order 2,0.7469495597535623,1.2334605887261828e-05,1
g10,Voltage,Order 4,0.9700718110012613,4.2419148635734254e-06,2
g10,Voltage,Order 6,0.9660020385957979,4.521142204589984e-06,2
g10,Voltage,Tau 1,0.7469495597535623,1.2334605887261828e-05,1
g10,Voltage,Tau 0.1,0.9787852988691547,3.5714139273147024e-06,3
g10,Voltage,Tau 0.01,0.9787852988691547,3.5714139273147024e-06,3
g10,Current,Order 2,0.7923150925898296,8.515317009150168e-05,1
g10,Current,Order 4,0.8434780901190375,7.392407878406523e-05,2
g10,Current,Order 6,0.4921048782933575,0.00013316355251852746,2
g10,Current,Tau 1,0.3147947363307253,0.00015467093012473215,2
g10,Current,Tau 0.1,-0.5898485431201248,0.00023560051126862548,4
g10,Current,Tau 0.01,0.9994440883493189,4.4055612132041625e-06,5
g10,Active Power,Order 2,0.8412684134599627,0.07625829077545719,1
g10,Active Power,Order 4,0.8934007109061817,0.06249316820719618,2
g10,Active Power,Order 6,-0.6516574522121183,0.24598882554424548,2
g10,Active Power,Tau 1,-0.5547297200483412,0.23866175982793225,1
g10,Active Power,Tau 0.1,-0.5547297200483412,0.23866175982793225,1
g10,Active Power,Tau 0.01,-0.5547297200483412,0.23866175982793225,1
g10,Reactive Power,Order 2,0.5801251584773753,0.05655067824084198,1
g10,Reactive Power,Order 4,0.8203748433181242,0.03698805302280299,2
g10,Reactive Power,Order 6,0.978753214617102,0.012721095326856885,3
g10,Reactive Power,Tau 1,0.5801251584773753,0.05655067824084198,1
g10,Reactive Power,Tau 0.1,0.9938283342546796,0.006856130730100843,4
g10,Reactive Power,Tau 0.01,0.6260194270935873,0.05337064025860142,4
